,Woman And Boy Muscle,https://burst.shopifycdn.com/photos/woman-and-boy-muscle.jpg?width=70&format=pjpg&exif=0&iptc=0,
,Young Woman Doing Yoga Outside,https://burst.shopifycdn.com/photos/young-woman-doing-yoga-outside.jpg?width=70&format=pjpg&exif=0&iptc=0,
,Strong Women Planking,https://burst.shopifycdn.com/photos/strong-women-planking.jpg?width=70&format=pjpg&exif=0&iptc=0,
,Ladies Stretch Circle,https://burst.shopifycdn.com/photos/ladies-stretch-circle.jpg?width=70&format=pjpg&exif=0&iptc=0,
,Find Balance,https://burst.shopifycdn.com/photos/find-balance.jpg?width=70&format=pjpg&exif=0&iptc=0,
,Spinal Twist Yoga Wheel,https://burst.shopifycdn.com/photos/spinal-twist-yoga-wheel.jpg?width=70&format=pjpg&exif=0&iptc=0,
,Stretching Woman Hands Feet,https://burst.shopifycdn.com/photos/stretching-woman-hands-feet.jpg?width=70&format=pjpg&exif=0&iptc=0,
,Woman Strong Band Exercise,https://burst.shopifycdn.com/photos/woman-strong-band-exercise.jpg?width=70&format=pjpg&exif=0&iptc=0,
,Vrkasana Balance Yoga,https://burst.shopifycdn.com/photos/vrkasana-balance-yoga.jpg?width=70&format=pjpg&exif=0&iptc=0,
,Yoga In Nature,https://burst.shopifycdn.com/photos/yoga-in-nature.jpg?width=70&format=pjpg&exif=0&iptc=0,
,Yoga Stretch,https://burst.shopifycdn.com/photos/yoga-stretch.jpg?width=70&format=pjpg&exif=0&iptc=0,
,Strong Ladies,https://burst.shopifycdn.com/photos/strong-ladies.jpg?width=70&format=pjpg&exif=0&iptc=0,
,Yoga Prayer Pose,https://burst.shopifycdn.com/photos/yoga-prayer-pose.jpg?width=70&format=pjpg&exif=0&iptc=0,
,Yoga Crescent Lunge,https://burst.shopifycdn.com/photos/yoga-crescent-lunge.jpg?width=70&format=pjpg&exif=0&iptc=0,
,Upward Dog Pose,https://burst.shopifycdn.com/photos/upward-dog-pose.jpg?width=70&format=pjpg&exif=0&iptc=0,
,Yoga Anjali Mudra,https://burst.shopifycdn.com/photos/yoga-anjali-mudra.jpg?width=70&format=pjpg&exif=0&iptc=0,
,Headstand Inversion Woman,https://burst.shopifycdn.com/photos/headstand-inversion-woman.jpg?width=70&format=pjpg&exif=0&iptc=0,
,Woman Meditating Hip Opener,https://burst.shopifycdn.com/photos/woman-meditating-hip-opener.jpg?width=70&format=pjpg&exif=0&iptc=0,
,Seated Meditation,https://burst.shopifycdn.com/photos/seated-meditation.jpg?width=70&format=pjpg&exif=0&iptc=0,
,Restorative Yoga,https://burst.shopifycdn.com/photos/restorative-yoga.jpg?width=70&format=pjpg&exif=0&iptc=0,
,Downward Facing Dog Pose,https://burst.shopifycdn.com/photos/downward-facing-dog-pose.jpg?width=70&format=pjpg&exif=0&iptc=0,
,Yoga Mat Unrolled,https://burst.shopifycdn.com/photos/yoga-mat-unrolled.jpg?width=70&format=pjpg&exif=0&iptc=0,
,Ladies Yoga Stretch,https://burst.shopifycdn.com/photos/ladies-yoga-stretch.jpg?width=70&format=pjpg&exif=0&iptc=0,
,Female Yoga Fashion with Yoga Mat,https://burst.shopifycdn.com/photos/female-yoga-fashion-with-yoga-mat.jpg?width=70&format=pjpg&exif=0&iptc=0,
,Pigeon Pose,https://burst.shopifycdn.com/photos/pigeon-pose.jpg?width=70&format=pjpg&exif=0&iptc=0,
,Women Who Plank Together,https://burst.shopifycdn.com/photos/women-who-plank-together.jpg?width=70&format=pjpg&exif=0&iptc=0,
,Woman In A Sweater Smiles As She Leans Against A Fence,https://burst.shopifycdn.com/photos/woman-in-a-sweater-smiles-as-she-leans-against-a-fence.jpg?width=70&format=pjpg&exif=0&iptc=0,
,Yoga Accessories,https://burst.shopifycdn.com/photos/yoga-accessories.jpg?width=70&format=pjpg&exif=0&iptc=0,
,Wide Legged Forward Fold,https://burst.shopifycdn.com/photos/wide-legged-forward-fold.jpg?width=70&format=pjpg&exif=0&iptc=0,
,Yoga Eagle Pose,https://burst.shopifycdn.com/photos/yoga-eagle-pose.jpg?width=70&format=pjpg&exif=0&iptc=0,
,Incredible Balance Yoga Posing,https://burst.shopifycdn.com/photos/incredible-balance-yoga-posing.jpg?width=70&format=pjpg&exif=0&iptc=0,
,Woman Doing Yoga,https://burst.shopifycdn.com/photos/woman-doing-yoga.jpg?width=70&format=pjpg&exif=0&iptc=0,
,Upward Dog Yoga Pose,https://burst.shopifycdn.com/photos/upward-dog-yoga-pose.jpg?width=70&format=pjpg&exif=0&iptc=0,
,Tree Pose Yoga In Nature,https://burst.shopifycdn.com/photos/tree-pose-yoga-in-nature.jpg?width=70&format=pjpg&exif=0&iptc=0,
,High Lunge Yoga,https://burst.shopifycdn.com/photos/high-lunge-yoga.jpg?width=70&format=pjpg&exif=0&iptc=0,
,Natarajasana Yoga Pose,https://burst.shopifycdn.com/photos/natarajasana-yoga-pose.jpg?width=70&format=pjpg&exif=0&iptc=0,
,Mermaid Pose Hip Opener,https://burst.shopifycdn.com/photos/mermaid-pose-hip-opener.jpg?width=70&format=pjpg&exif=0&iptc=0,
,Woman Doing Childs Pose,https://burst.shopifycdn.com/photos/woman-doing-childs-pose.jpg?width=70&format=pjpg&exif=0&iptc=0,
,Two Women Warming Up On The Beach,https://burst.shopifycdn.com/photos/two-women-warming-up-on-the-beach.jpg?width=70&format=pjpg&exif=0&iptc=0,
,Extended Hand To Toe Pose Yoga,https://burst.shopifycdn.com/photos/extended-hand-to-toe-pose-yoga.jpg?width=70&format=pjpg&exif=0&iptc=0,
,Greenhouse Yoga Pose,https://burst.shopifycdn.com/photos/greenhouse-yoga-pose.jpg?width=70&format=pjpg&exif=0&iptc=0,
,Eagle Arms Yoga,https://burst.shopifycdn.com/photos/eagle-arms-yoga.jpg?width=70&format=pjpg&exif=0&iptc=0,
,Upward Facing Dog Yoga,https://burst.shopifycdn.com/photos/upward-facing-dog-yoga.jpg?width=70&format=pjpg&exif=0&iptc=0,
,Gyan Mudra Yoga,https://burst.shopifycdn.com/photos/gyan_mudra-yoga.jpg?width=70&format=pjpg&exif=0&iptc=0,
,Proud Pigeon Pose,https://burst.shopifycdn.com/photos/proud-pigeon-pose.jpg?width=70&format=pjpg&exif=0&iptc=0,
,Childs Pose,https://burst.shopifycdn.com/photos/childs-pose.jpg?width=70&format=pjpg&exif=0&iptc=0,
,Young Woman Meditating,https://burst.shopifycdn.com/photos/young-woman-meditating.jpg?width=70&format=pjpg&exif=0&iptc=0,
,Balasana Yoga,https://burst.shopifycdn.com/photos/balasana-yoga.jpg?width=70&format=pjpg&exif=0&iptc=0,
,Yoga Meditation Rooftop,https://burst.shopifycdn.com/photos/yoga-meditation-rooftop.jpg?width=70&format=pjpg&exif=0&iptc=0,
,Woman Does Bridge Pose Yoga On Path,https://burst.shopifycdn.com/photos/woman-does-bridge-pose-yoga-on-path.jpg?width=70&format=pjpg&exif=0&iptc=0,
