cat,Comfortable Living Room Cat,https://burst.shopifycdn.com/photos/comfortable-living-room-cat.jpg?width=70&format=pjpg&exif=0&iptc=0,
cat,Cat Eyes Photo,https://burst.shopifycdn.com/photos/cat-eyes-photo.jpg?width=70&format=pjpg&exif=0&iptc=0,
cat,Cute Cat Photo,https://burst.shopifycdn.com/photos/cute-cat-photo.jpg?width=70&format=pjpg&exif=0&iptc=0,
cat,Cute Curious Cat,https://burst.shopifycdn.com/photos/cute-curious-cat.jpg?width=70&format=pjpg&exif=0&iptc=0,
cat,Business Cat In Office,https://burst.shopifycdn.com/photos/business-cat-in-office.jpg?width=70&format=pjpg&exif=0&iptc=0,
cat,Grey Cat Lays In Sun,https://burst.shopifycdn.com/photos/grey-cat-lays-in-sun.jpg?width=70&format=pjpg&exif=0&iptc=0,
cat,Kitty Cat Helps At Work,https://burst.shopifycdn.com/photos/kitty-cat-helps-at-work.jpg?width=70&format=pjpg&exif=0&iptc=0,
cat,Grey And White Cat,https://burst.shopifycdn.com/photos/grey-and-white-cat.jpg?width=70&format=pjpg&exif=0&iptc=0,
cat,Cat On Sofa Near Window,https://burst.shopifycdn.com/photos/cat-on-sofa-near-window.jpg?width=70&format=pjpg&exif=0&iptc=0,
cat,Blue-Eyed Cat Daydreams,https://burst.shopifycdn.com/photos/blue-eyed-cat-daydreams.jpg?width=70&format=pjpg&exif=0&iptc=0,
cat,Blue Eyed Cat Peeking,https://burst.shopifycdn.com/photos/blue-eyed-cat-peeking.jpg?width=70&format=pjpg&exif=0&iptc=0,
cat,A Blue Point Himalayan Sits At A Desk,https://burst.shopifycdn.com/photos/a-blue-point-himalayan-sits-at-a-desk.jpg?width=70&format=pjpg&exif=0&iptc=0,
cat,Green Eyed Grey Cat,https://burst.shopifycdn.com/photos/green-eyed-grey-cat.jpg?width=70&format=pjpg&exif=0&iptc=0,
cat,Green Cat Eyes,https://burst.shopifycdn.com/photos/green-cat-eyes.jpg?width=70&format=pjpg&exif=0&iptc=0,
cat,Cat Rests In Bedroom,https://burst.shopifycdn.com/photos/cat-rests-in-bedroom.jpg?width=70&format=pjpg&exif=0&iptc=0,
cat,Cat Enjoying The View,https://burst.shopifycdn.com/photos/cat-enjoying-the-view.jpg?width=70&format=pjpg&exif=0&iptc=0,
cat,Grey Cat With Blue Eyes,https://burst.shopifycdn.com/photos/grey-cat-with-blue-eyes.jpg?width=70&format=pjpg&exif=0&iptc=0,
cat,Kitten Peaking Through Greenery,https://burst.shopifycdn.com/photos/kitten-peaking-through-greenery.jpg?width=70&format=pjpg&exif=0&iptc=0,
cat,Cat Photo HD,https://burst.shopifycdn.com/photos/cat-photo-hd.jpg?width=70&format=pjpg&exif=0&iptc=0,
cat,Beautiful Cat,https://burst.shopifycdn.com/photos/beautiful-cat.jpg?width=70&format=pjpg&exif=0&iptc=0,
cat,One Eyed Cat,https://burst.shopifycdn.com/photos/one-eyed-cat.jpg?width=70&format=pjpg&exif=0&iptc=0,
cat,Lion Laying On Rock,https://burst.shopifycdn.com/photos/lion-laying-on-rock.jpg?width=70&format=pjpg&exif=0&iptc=0,
cat,Majestic Grey Cat,https://burst.shopifycdn.com/photos/majestic-grey-cat.jpg?width=70&format=pjpg&exif=0&iptc=0,
cat,Cat Lying Sideways On Bed,https://burst.shopifycdn.com/photos/cat-lying-sideways-on-bed.jpg?width=70&format=pjpg&exif=0&iptc=0,
cat,Cats Face Closeup,https://burst.shopifycdn.com/photos/cats-face-closeup.jpg?width=70&format=pjpg&exif=0&iptc=0,
cat,Cat Nose,https://burst.shopifycdn.com/photos/cat-nose.jpg?width=70&format=pjpg&exif=0&iptc=0,
cat,Sleeping Cat Close Up,https://burst.shopifycdn.com/photos/sleeping-cat-close-up.jpg?width=70&format=pjpg&exif=0&iptc=0,
cat,Green-Eyed Kitten,https://burst.shopifycdn.com/photos/green-eyed-kitten.jpg?width=70&format=pjpg&exif=0&iptc=0,
cat,Lion Standing On Edge Looking Down,https://burst.shopifycdn.com/photos/lion-standing-on-edge-looking-down.jpg?width=70&format=pjpg&exif=0&iptc=0,
cat,Cat Resting On Sofa,https://burst.shopifycdn.com/photos/cat-resting-on-sofa.jpg?width=70&format=pjpg&exif=0&iptc=0,
cat,Kitty Paws,https://burst.shopifycdn.com/photos/kitty-paws.jpg?width=70&format=pjpg&exif=0&iptc=0,
cat,Cats Eye Closeup,https://burst.shopifycdn.com/photos/cats-eye-closeup.jpg?width=70&format=pjpg&exif=0&iptc=0,
cat,Orange Cat Guards Kitchen,https://burst.shopifycdn.com/photos/orange-cat-guards-kitchen.jpg?width=70&format=pjpg&exif=0&iptc=0,
cat,Blue Eyed Persian Cat By Window,https://burst.shopifycdn.com/photos/blue-eyed-persian-cat-by-window.jpg?width=70&format=pjpg&exif=0&iptc=0,
cat,Green Cat Eye,https://burst.shopifycdn.com/photos/green-cat-eye.jpg?width=70&format=pjpg&exif=0&iptc=0,
cat,Tea Time With Kitty Cat,https://burst.shopifycdn.com/photos/tea-time-with-kitty-cat.jpg?width=70&format=pjpg&exif=0&iptc=0,
cat,Soft Black And Brown Cat,https://burst.shopifycdn.com/photos/soft-black-and-brown-cat.jpg?width=70&format=pjpg&exif=0&iptc=0,
cat,Green Eyed Cat Licks Lips,https://burst.shopifycdn.com/photos/green-eyed-cat-licks-lips.jpg?width=70&format=pjpg&exif=0&iptc=0,
cat,Grey Cat Lying On Bed,https://burst.shopifycdn.com/photos/grey-cat-lying-on-bed.jpg?width=70&format=pjpg&exif=0&iptc=0,
cat,Costume Headbands Cat And Unicorn,https://burst.shopifycdn.com/photos/costume-headbands-cat-and-unicorn.jpg?width=70&format=pjpg&exif=0&iptc=0,
cat,Cat Sleeps Belly Up,https://burst.shopifycdn.com/photos/cat-sleeps-belly-up.jpg?width=70&format=pjpg&exif=0&iptc=0,
cat,Gray Cat With Attitude In Sun,https://burst.shopifycdn.com/photos/gray-cat-with-attitude-in-sun.jpg?width=70&format=pjpg&exif=0&iptc=0,
cat,Siamese Cat Laying In White Bedding,https://burst.shopifycdn.com/photos/siamese-cat-laying-in-white-bedding.jpg?width=70&format=pjpg&exif=0&iptc=0,
cat,Black Cat With Green Eyes,https://burst.shopifycdn.com/photos/black-cat-with-green-eyes.jpg?width=70&format=pjpg&exif=0&iptc=0,
cat,Cat Has a Sit On Some Rocks,https://burst.shopifycdn.com/photos/cat-has-a-sit-on-some-rocks.jpg?width=70&format=pjpg&exif=0&iptc=0,
cat,Green Eyed Cat In Sunlight,https://burst.shopifycdn.com/photos/green-eyed-cat-in-sunlight.jpg?width=70&format=pjpg&exif=0&iptc=0,
cat,Soft Kitty, Sleepy Kitty,https://burst.shopifycdn.com/photos/soft-kitty-sleepy-kitty.jpg?width=70&format=pjpg&exif=0&iptc=0,
cat,Woman Wearing Hoodie Holds Cat In One Hand,https://burst.shopifycdn.com/photos/woman-wearing-hoodie-holds-cat-in-one-hand.jpg?width=70&format=pjpg&exif=0&iptc=0,
cat,Grey Cat Curled Up And Sleeping,https://burst.shopifycdn.com/photos/grey-cat-curled-up-and-sleeping.jpg?width=70&format=pjpg&exif=0&iptc=0,
cat,Cat Shape Stitched With Embroidery Thread,https://burst.shopifycdn.com/photos/cat-shape-stitched-with-embroidery-thread.jpg?width=70&format=pjpg&exif=0&iptc=0,
dog,Business Pug Working On Laptop,https://burst.shopifycdn.com/photos/business-pug-working-on-laptop.jpg?width=70&format=pjpg&exif=0&iptc=0,
dog,Smiling Man Woman Pug,https://burst.shopifycdn.com/photos/smiling-man-woman-pug.jpg?width=70&format=pjpg&exif=0&iptc=0,
dog,Puppy At The Beach,https://burst.shopifycdn.com/photos/puppy-at-the-beach.jpg?width=70&format=pjpg&exif=0&iptc=0,
dog,All Dogs Go To Birthday,https://burst.shopifycdn.com/photos/all-dogs-go-to-birthday.jpg?width=70&format=pjpg&exif=0&iptc=0,
dog,Business Dog Paws On Keyboard,https://burst.shopifycdn.com/photos/business-dog-paws-on-keyboard.jpg?width=70&format=pjpg&exif=0&iptc=0,
dog,Working From Home,https://burst.shopifycdn.com/photos/working-from-home.jpg?width=70&format=pjpg&exif=0&iptc=0,
dog,Poochie Party Treats,https://burst.shopifycdn.com/photos/poochie-party-treats.jpg?width=70&format=pjpg&exif=0&iptc=0,
dog,Party Hat Frenchie,https://burst.shopifycdn.com/photos/party-hat-frenchie.jpg?width=70&format=pjpg&exif=0&iptc=0,
dog,Brown & White Dogs,https://burst.shopifycdn.com/photos/brown-white-dogs.jpg?width=70&format=pjpg&exif=0&iptc=0,
dog,Cute Dog in Blanket,https://burst.shopifycdn.com/photos/cute-dog-in-blanket.jpg?width=70&format=pjpg&exif=0&iptc=0,
dog,Dog Staying Warm,https://burst.shopifycdn.com/photos/dog-staying-warm.jpg?width=70&format=pjpg&exif=0&iptc=0,
dog,Dog Fetching Disc,https://burst.shopifycdn.com/photos/dog-fetching-disc.jpg?width=70&format=pjpg&exif=0&iptc=0,
dog,Dog Running In Fall Leaves,https://burst.shopifycdn.com/photos/dog-running-in-fall-leaves.jpg?width=70&format=pjpg&exif=0&iptc=0,
dog,Stand To Attention!,https://burst.shopifycdn.com/photos/stand-to-attention.jpg?width=70&format=pjpg&exif=0&iptc=0,
dog,Chocolate Lab Dog,https://burst.shopifycdn.com/photos/chocolate-lab-dog.jpg?width=70&format=pjpg&exif=0&iptc=0,
dog,Dog Phone Background,https://burst.shopifycdn.com/photos/dog-phone-background.jpg?width=70&format=pjpg&exif=0&iptc=0,
dog,Pug Sleeping In,https://burst.shopifycdn.com/photos/pug-sleeping-in.jpg?width=70&format=pjpg&exif=0&iptc=0,
dog,Dog In Party Hat,https://burst.shopifycdn.com/photos/dog-in-party-hat.jpg?width=70&format=pjpg&exif=0&iptc=0,
dog,Cute Pug Smelling Pumpkin,https://burst.shopifycdn.com/photos/cute-pug-smelling-pumpkin.jpg?width=70&format=pjpg&exif=0&iptc=0,
dog,Sad Dog,https://burst.shopifycdn.com/photos/sad-dog.jpg?width=70&format=pjpg&exif=0&iptc=0,
dog,Black Dog Panting In Doorway,https://burst.shopifycdn.com/photos/black-dog-panting-in-doorway.jpg?width=70&format=pjpg&exif=0&iptc=0,
dog,Boxer Dog,https://burst.shopifycdn.com/photos/boxer-dog.jpg?width=70&format=pjpg&exif=0&iptc=0,
dog,Confused Pug,https://burst.shopifycdn.com/photos/confused-pug.jpg?width=70&format=pjpg&exif=0&iptc=0,
dog,Dog In Birthday Hat,https://burst.shopifycdn.com/photos/dog-in-birthday-hat.jpg?width=70&format=pjpg&exif=0&iptc=0,
dog,Pug In Dog Bed,https://burst.shopifycdn.com/photos/pug-in-dog-bed.jpg?width=70&format=pjpg&exif=0&iptc=0,
dog,Pride Dog,https://burst.shopifycdn.com/photos/pride-dog.jpg?width=70&format=pjpg&exif=0&iptc=0,
dog,Mini Doberman Pinscher Face,https://burst.shopifycdn.com/photos/mini-doberman-pinscher-face.jpg?width=70&format=pjpg&exif=0&iptc=0,
dog,French Bulldog On Grass,https://burst.shopifycdn.com/photos/french-bulldog-on-grass.jpg?width=70&format=pjpg&exif=0&iptc=0,
dog,Woman & Dog In The Morning,https://burst.shopifycdn.com/photos/woman-dog-in-the-morning.jpg?width=70&format=pjpg&exif=0&iptc=0,
dog,Wise Pug Thinking About The World,https://burst.shopifycdn.com/photos/wise-pug-thinking-about-the-world.jpg?width=70&format=pjpg&exif=0&iptc=0,
dog,Canine Staying Cozy,https://burst.shopifycdn.com/photos/canine-staying-cozy.jpg?width=70&format=pjpg&exif=0&iptc=0,
dog,Pet And Owner On Fall Walk,https://burst.shopifycdn.com/photos/pet-and-owner-on-fall-walk.jpg?width=70&format=pjpg&exif=0&iptc=0,
dog,Dog Paws,https://burst.shopifycdn.com/photos/dog-paws.jpg?width=70&format=pjpg&exif=0&iptc=0,
dog,Super Puppy,https://burst.shopifycdn.com/photos/super-puppy.jpg?width=70&format=pjpg&exif=0&iptc=0,
dog,Pug Dog & Pumpkin,https://burst.shopifycdn.com/photos/pug-dog-and-pumpkin.jpg?width=70&format=pjpg&exif=0&iptc=0,
dog,A Greying Jowly Dog With Soft Dark Eyes,https://burst.shopifycdn.com/photos/a-greying-jowly-dog-with-soft-dark-eyes.jpg?width=70&format=pjpg&exif=0&iptc=0,
dog,French Bulldog Pride,https://burst.shopifycdn.com/photos/french-bulldog-pride.jpg?width=70&format=pjpg&exif=0&iptc=0,
dog,Pug Gets Cozy In The Morning,https://burst.shopifycdn.com/photos/pug-gets-cozy-in-the-morning.jpg?width=70&format=pjpg&exif=0&iptc=0,
dog,Snug Pug In A Rug,https://burst.shopifycdn.com/photos/snug-pug-in-rug.jpg?width=70&format=pjpg&exif=0&iptc=0,
dog,Black Tie Dog,https://burst.shopifycdn.com/photos/black-tie-dog.jpg?width=70&format=pjpg&exif=0&iptc=0,
dog,Dog On Wall,https://burst.shopifycdn.com/photos/dog-on-wall.jpg?width=70&format=pjpg&exif=0&iptc=0,
dog,Fuzzy Dog Looks Out Window,https://burst.shopifycdn.com/photos/fuzzy-dog-looks-out-window.jpg?width=70&format=pjpg&exif=0&iptc=0,
dog,Pug Life,https://burst.shopifycdn.com/photos/pug-life.jpg?width=70&format=pjpg&exif=0&iptc=0,
dog,Dog Runs Across Bridge,https://burst.shopifycdn.com/photos/dog-runs-across-bridge.jpg?width=70&format=pjpg&exif=0&iptc=0,
dog,Cavalier King Charles Dog,https://burst.shopifycdn.com/photos/cavalier-king-charles-dog.jpg?width=70&format=pjpg&exif=0&iptc=0,
dog,Irish Setter Dog Close Up,https://burst.shopifycdn.com/photos/irish-setter-dog-close-up.jpg?width=70&format=pjpg&exif=0&iptc=0,
dog,White Dog With Tongue Hanging Out,https://burst.shopifycdn.com/photos/white-dog-with-tongue-hanging-out.jpg?width=70&format=pjpg&exif=0&iptc=0,
dog,Cosy Dog in Blanket,https://burst.shopifycdn.com/photos/cosy-dog-in-blanket.jpg?width=70&format=pjpg&exif=0&iptc=0,
dog,Puppy Love,https://burst.shopifycdn.com/photos/puppy-love.jpg?width=70&format=pjpg&exif=0&iptc=0,
dog,Squinting Dog,https://burst.shopifycdn.com/photos/squinting-dog.jpg?width=70&format=pjpg&exif=0&iptc=0,
around-the-world,Chinese Lanterns Glow On Storefront,https://burst.shopifycdn.com/photos/chinese-lanterns-glow-on-storefront.jpg?width=70&format=pjpg&exif=0&iptc=0,
around-the-world,Dancing With Temples In The Orange Mist,https://burst.shopifycdn.com/photos/dancing-with-temples-in-the-orange-mist.jpg?width=70&format=pjpg&exif=0&iptc=0,
around-the-world,Man Wearing Loose Clothing Walks Through Jungle,https://burst.shopifycdn.com/photos/man-wearing-loose-clothing-walks-through-jungle.jpg?width=70&format=pjpg&exif=0&iptc=0,
around-the-world,Hiking Volcanic Rock,https://burst.shopifycdn.com/photos/hiking-volcanic-rock.jpg?width=70&format=pjpg&exif=0&iptc=0,
around-the-world,Curvy Rocks Of Grand Canyon,https://burst.shopifycdn.com/photos/curvy-rocks-of-grand-canyon.jpg?width=70&format=pjpg&exif=0&iptc=0,
around-the-world,Hiker Looks Out Over Bay Surrounded By Mountains,https://burst.shopifycdn.com/photos/hiker-looks-out-over-bay-surrounded-by-mountains.jpg?width=70&format=pjpg&exif=0&iptc=0,
around-the-world,A Man Wanders Through Red Arches In Japan,https://burst.shopifycdn.com/photos/a-man-wanders-through-red-arches-in-japan.jpg?width=70&format=pjpg&exif=0&iptc=0,
around-the-world,People Travelling On A Small Boat Across The Water,https://burst.shopifycdn.com/photos/people-travelling-on-a-small-boat-across-the-water.jpg?width=70&format=pjpg&exif=0&iptc=0,
around-the-world,A House In The Trees Soaking Up Sea The View,https://burst.shopifycdn.com/photos/a-house-in-the-trees-soaking-up-sea-the-view.jpg?width=70&format=pjpg&exif=0&iptc=0,
around-the-world,Louvre And Pyramid,https://burst.shopifycdn.com/photos/louvre-and-pyramid.jpg?width=70&format=pjpg&exif=0&iptc=0,
around-the-world,Amalfi Coast Town With Mountains Behind,https://burst.shopifycdn.com/photos/amalfi-coast-town-with-mountains-behind.jpg?width=70&format=pjpg&exif=0&iptc=0,
around-the-world,Green Cliffs Viewing,https://burst.shopifycdn.com/photos/green-cliffs-viewing.jpg?width=70&format=pjpg&exif=0&iptc=0,
around-the-world,Woman Walks Up A Historical Japanese Path,https://burst.shopifycdn.com/photos/woman-walks-up-a-historical-japanese-path.jpg?width=70&format=pjpg&exif=0&iptc=0,
around-the-world,A Woman In Red Passes The Taj Mahal,https://burst.shopifycdn.com/photos/a-woman-in-red-passes-the-taj-mahal.jpg?width=70&format=pjpg&exif=0&iptc=0,
around-the-world,Footsteps Left In Sand Dunes,https://burst.shopifycdn.com/photos/footsteps-left-in-sand-dunes.jpg?width=70&format=pjpg&exif=0&iptc=0,
around-the-world,Shanghai Oriental Pearl,https://burst.shopifycdn.com/photos/shanghai-oriental-pearl.jpg?width=70&format=pjpg&exif=0&iptc=0,
around-the-world,Calm Water In European City,https://burst.shopifycdn.com/photos/calm-water-in-european-city.jpg?width=70&format=pjpg&exif=0&iptc=0,
around-the-world,Asphalt Highway,https://burst.shopifycdn.com/photos/asphalt-highway.jpg?width=70&format=pjpg&exif=0&iptc=0,
around-the-world,Beach Sunset Thailand,https://burst.shopifycdn.com/photos/beach-sunset-thailand.jpg?width=70&format=pjpg&exif=0&iptc=0,
around-the-world,Long Forest Path,https://burst.shopifycdn.com/photos/long-forest-path.jpg?width=70&format=pjpg&exif=0&iptc=0,
around-the-world,Beautiful Day At The Beach,https://burst.shopifycdn.com/photos/beautiful-day-at-the-beach.jpg?width=70&format=pjpg&exif=0&iptc=0,
around-the-world,Mountain Magic Hour,https://burst.shopifycdn.com/photos/mountain-magic-hour.jpg?width=70&format=pjpg&exif=0&iptc=0,
around-the-world,Stream Water Passing Through Cliffs,https://burst.shopifycdn.com/photos/stream-water-passing-through-cliffs.jpg?width=70&format=pjpg&exif=0&iptc=0,
around-the-world,Thin Plant Stems In Sun,https://burst.shopifycdn.com/photos/thin-plant-stems-in-sun.jpg?width=70&format=pjpg&exif=0&iptc=0,
around-the-world,Puppy At The Beach,https://burst.shopifycdn.com/photos/puppy-at-the-beach.jpg?width=70&format=pjpg&exif=0&iptc=0,
around-the-world,Abandoned Iceland Farm Home,https://burst.shopifycdn.com/photos/abandoned-iceland-farm-home.jpg?width=70&format=pjpg&exif=0&iptc=0,
around-the-world,Hiker Climbing Mountains,https://burst.shopifycdn.com/photos/hiker-climbing-mountains.jpg?width=70&format=pjpg&exif=0&iptc=0,
around-the-world,Mountain Landscape With Flowers,https://burst.shopifycdn.com/photos/nature-mountains-flower-landscape-adventure.jpg?width=70&format=pjpg&exif=0&iptc=0,
around-the-world,Friends Backpacking Together,https://burst.shopifycdn.com/photos/friends-backpacking-together.jpg?width=70&format=pjpg&exif=0&iptc=0,
around-the-world,Stone Sculptures On Beach,https://burst.shopifycdn.com/photos/stone-sculptures-on-beach.jpg?width=70&format=pjpg&exif=0&iptc=0,
around-the-world,Livin On The Ledge,https://burst.shopifycdn.com/photos/livin-on-the-ledge.jpg?width=70&format=pjpg&exif=0&iptc=0,
around-the-world,Landscape Viewing Binoculars,https://burst.shopifycdn.com/photos/landscape-viewing-binoculars.jpg?width=70&format=pjpg&exif=0&iptc=0,
around-the-world,Cloud Wrapped Mountain,https://burst.shopifycdn.com/photos/cloud-wrapped-mountain.jpg?width=70&format=pjpg&exif=0&iptc=0,
around-the-world,Ocean Waves Crashing,https://burst.shopifycdn.com/photos/ocean-waves-crashing.jpg?width=70&format=pjpg&exif=0&iptc=0,
around-the-world,Antelope Canyon Sunbeams,https://burst.shopifycdn.com/photos/antelope-canyon-sunbeams.jpg?width=70&format=pjpg&exif=0&iptc=0,
around-the-world,Man In Volcanic Pool,https://burst.shopifycdn.com/photos/man-in-volcanic-pool.jpg?width=70&format=pjpg&exif=0&iptc=0,
around-the-world,Sunset On Arizona Canyon,https://burst.shopifycdn.com/photos/sunset-on-arizona-canyon.jpg?width=70&format=pjpg&exif=0&iptc=0,
around-the-world,Tokyo At Night,https://burst.shopifycdn.com/photos/tokyo-at-night.jpg?width=70&format=pjpg&exif=0&iptc=0,
around-the-world,Autumn Shore,https://burst.shopifycdn.com/photos/autumn-shore.jpg?width=70&format=pjpg&exif=0&iptc=0,
around-the-world,Man & Lake Reflection,https://burst.shopifycdn.com/photos/man-lake-reflection.jpg?width=70&format=pjpg&exif=0&iptc=0,
around-the-world,iPhone Photography Landscape,https://burst.shopifycdn.com/photos/iphone-photography-landscape.jpg?width=70&format=pjpg&exif=0&iptc=0,
around-the-world,Canyon Sky Landscape,https://burst.shopifycdn.com/photos/canyon-sky-landscape.jpg?width=70&format=pjpg&exif=0&iptc=0,
around-the-world,Dreamy Clouds,https://burst.shopifycdn.com/photos/dreamy-clouds.jpg?width=70&format=pjpg&exif=0&iptc=0,
around-the-world,Find Balance,https://burst.shopifycdn.com/photos/find-balance.jpg?width=70&format=pjpg&exif=0&iptc=0,
around-the-world,Mossy Cliffs By Glacier Springs,https://burst.shopifycdn.com/photos/mossy-cliffs-by-glacier-springs.jpg?width=70&format=pjpg&exif=0&iptc=0,
around-the-world,African Safari Sunset,https://burst.shopifycdn.com/photos/african-safari-sunset.jpg?width=70&format=pjpg&exif=0&iptc=0,
around-the-world,Private Holiday Beach,https://burst.shopifycdn.com/photos/private-holiday-beach.jpg?width=70&format=pjpg&exif=0&iptc=0,
around-the-world,Friends Winter Hiking,https://burst.shopifycdn.com/photos/friends-winter-hiking.jpg?width=70&format=pjpg&exif=0&iptc=0,
around-the-world,Snow Monkey In Japan,https://burst.shopifycdn.com/photos/snow-monkey-in-japan.jpg?width=70&format=pjpg&exif=0&iptc=0,
around-the-world,The Eiffel Tower Paris,https://burst.shopifycdn.com/photos/the-eiffel-tower-paris.jpg?width=70&format=pjpg&exif=0&iptc=0,
arts,Female Artist Closeup,https://burst.shopifycdn.com/photos/female-artist-closeup.jpg?width=70&format=pjpg&exif=0&iptc=0,
arts,Violin And Sheet Music,https://burst.shopifycdn.com/photos/violin-and-sheet-music.jpg?width=70&format=pjpg&exif=0&iptc=0,
arts,Coat on Sewing Body Form,https://burst.shopifycdn.com/photos/coat-on-sewing-body-form.jpg?width=70&format=pjpg&exif=0&iptc=0,
arts,Musician Playing Guitar,https://burst.shopifycdn.com/photos/musician-playing-guitar.jpg?width=70&format=pjpg&exif=0&iptc=0,
arts,Ballet Dancer On Pointe,https://burst.shopifycdn.com/photos/ballet-dancer-on-pointe.jpg?width=70&format=pjpg&exif=0&iptc=0,
arts,Man Reads Book In Studio,https://burst.shopifycdn.com/photos/man-reads-book-in-studio.jpg?width=70&format=pjpg&exif=0&iptc=0,
arts,Designer Or Artist Working At Wooden Table,https://burst.shopifycdn.com/photos/designer-or-artist-working-at-wooden-table.jpg?width=70&format=pjpg&exif=0&iptc=0,
arts,Drumsticks Sitting On Snare,https://burst.shopifycdn.com/photos/drumsticks-sitting-on-snare.jpg?width=70&format=pjpg&exif=0&iptc=0,
arts,Natural Look Makeup,https://burst.shopifycdn.com/photos/natural-look-makeup.jpg?width=70&format=pjpg&exif=0&iptc=0,
arts,Pencils In Cup,https://burst.shopifycdn.com/photos/pencils-in-cup.jpg?width=70&format=pjpg&exif=0&iptc=0,
arts,Blank Notebook and Writing Flatlay,https://burst.shopifycdn.com/photos/blank-notebook-and-writing-flatlay.jpg?width=70&format=pjpg&exif=0&iptc=0,
arts,Ballet Dancer Barre Warm Up,https://burst.shopifycdn.com/photos/ballet-dancer-barre-warm-up.jpg?width=70&format=pjpg&exif=0&iptc=0,
arts,Short Haired Drag Queen In Dramatic Light,https://burst.shopifycdn.com/photos/short-haired-drag-queen-in-dramatic-light.jpg?width=70&format=pjpg&exif=0&iptc=0,
arts,Performer On Stage In Theater Lights,https://burst.shopifycdn.com/photos/performer-on-stage-in-theater-lights.jpg?width=70&format=pjpg&exif=0&iptc=0,
arts,Man Writes & Relaxes,https://burst.shopifycdn.com/photos/man-writes-relaxes.jpg?width=70&format=pjpg&exif=0&iptc=0,
arts,iPhone Light Art Photography,https://burst.shopifycdn.com/photos/iphone-light-art-photography.jpg?width=70&format=pjpg&exif=0&iptc=0,
arts,Live Concert Drums,https://burst.shopifycdn.com/photos/live-concert-drums.jpg?width=70&format=pjpg&exif=0&iptc=0,
arts,Young Children Sharing,https://burst.shopifycdn.com/photos/young-children-sharing.jpg?width=70&format=pjpg&exif=0&iptc=0,
arts,Grandmother & Son Selfie,https://burst.shopifycdn.com/photos/mother-son-selfie.jpg?width=70&format=pjpg&exif=0&iptc=0,
arts,Painter Working In Studio,https://burst.shopifycdn.com/photos/painter-working-in-studio.jpg?width=70&format=pjpg&exif=0&iptc=0,
arts,Kids Art Project,https://burst.shopifycdn.com/photos/kids-art-project.jpg?width=70&format=pjpg&exif=0&iptc=0,
arts,Paint Brushes, Palette & Canvas,https://burst.shopifycdn.com/photos/paint-brushes-palette-canvas.jpg?width=70&format=pjpg&exif=0&iptc=0,
arts,City Bar Open Late,https://burst.shopifycdn.com/photos/city-bar-open-late.jpg?width=70&format=pjpg&exif=0&iptc=0,
arts,DJ In Blue Light,https://burst.shopifycdn.com/photos/dj-in-blue-light.jpg?width=70&format=pjpg&exif=0&iptc=0,
arts,Autumn Photographer Taking Picture,https://burst.shopifycdn.com/photos/autumn-photographer-taking-picture.jpg?width=70&format=pjpg&exif=0&iptc=0,
arts,Overhead Man Drawing On Notepad,https://burst.shopifycdn.com/photos/overhead-man-drawing-on-notepad.jpg?width=70&format=pjpg&exif=0&iptc=0,
arts,Paintbrush With Pink On Canvas,https://burst.shopifycdn.com/photos/paintbrush-with-pink-on-canvas-.jpg?width=70&format=pjpg&exif=0&iptc=0,
arts,Art Supplies,https://burst.shopifycdn.com/photos/art-supplies.jpg?width=70&format=pjpg&exif=0&iptc=0,
arts,Artist Painting In Studio,https://burst.shopifycdn.com/photos/artist-painting-in-studio.jpg?width=70&format=pjpg&exif=0&iptc=0,
arts,Design Plans Color Swatches,https://burst.shopifycdn.com/photos/design-plans-color-swatches.jpg?width=70&format=pjpg&exif=0&iptc=0,
arts,Paint Palette Brushes,https://burst.shopifycdn.com/photos/paint-palette-brushes.jpg?width=70&format=pjpg&exif=0&iptc=0,
arts,Iphone Nightsky Stars,https://burst.shopifycdn.com/photos/iphone-nightsky-stars.jpeg?width=70&format=pjpg&exif=0&iptc=0,
arts,Indie Music Concert,https://burst.shopifycdn.com/photos/indie-music-concert.jpg?width=70&format=pjpg&exif=0&iptc=0,
arts,Nature Photographers Shooting,https://burst.shopifycdn.com/photos/nature-photographers-shooting.jpg?width=70&format=pjpg&exif=0&iptc=0,
arts,Woman Playing Guitar,https://burst.shopifycdn.com/photos/woman-playing-guitar.jpg?width=70&format=pjpg&exif=0&iptc=0,
arts,Art Supplies Seen From Above,https://burst.shopifycdn.com/photos/art-supplies-seen-from-above.jpg?width=70&format=pjpg&exif=0&iptc=0,
arts,Rock Band On Stage,https://burst.shopifycdn.com/photos/rock-band-on-stage.jpg?width=70&format=pjpg&exif=0&iptc=0,
arts,Children Sharing Paint Brush,https://burst.shopifycdn.com/photos/children-sharing-paint-brush.jpg?width=70&format=pjpg&exif=0&iptc=0,
arts,Selfie With Grandma,https://burst.shopifycdn.com/photos/selfie-with-grandma.jpg?width=70&format=pjpg&exif=0&iptc=0,
arts,Paint Brushes In Bucket,https://burst.shopifycdn.com/photos/paint-bruches-in-bucket.jpg?width=70&format=pjpg&exif=0&iptc=0,
arts,Young Woman Painting,https://burst.shopifycdn.com/photos/young-woman-painting.jpg?width=70&format=pjpg&exif=0&iptc=0,
arts,Black And White Electric Guitar,https://burst.shopifycdn.com/photos/black-and-white-electric-guitar.jpg?width=70&format=pjpg&exif=0&iptc=0,
arts,Pencil Closeup Artist Desk,https://burst.shopifycdn.com/photos/pencil-closeup-artist-desk.jpg?width=70&format=pjpg&exif=0&iptc=0,
arts,Paint Brushes,https://burst.shopifycdn.com/photos/paint-brushes.jpg?width=70&format=pjpg&exif=0&iptc=0,
arts,Street Performer With Guitar,https://burst.shopifycdn.com/photos/street-performer-with-guitar.jpg?width=70&format=pjpg&exif=0&iptc=0,
arts,Playing Guitar In The Park,https://burst.shopifycdn.com/photos/playing-guitar-in-the-park.jpg?width=70&format=pjpg&exif=0&iptc=0,
arts,Band On Stage,https://burst.shopifycdn.com/photos/band-on-stage.jpg?width=70&format=pjpg&exif=0&iptc=0,
arts,Camera Close Up,https://burst.shopifycdn.com/photos/camera-closeup.jpg?width=70&format=pjpg&exif=0&iptc=0,
arts,Playing Guitar Fretboard,https://burst.shopifycdn.com/photos/playing-guitar-fretboard.jpg?width=70&format=pjpg&exif=0&iptc=0,
arts,Winter Waterpark Phone Pic,https://burst.shopifycdn.com/photos/winter-waterpark-phone-pic.jpg?width=70&format=pjpg&exif=0&iptc=0,
background,Prairie Woman At Sunset,https://burst.shopifycdn.com/photos/prairie-woman-at-sunset.jpg?width=70&format=pjpg&exif=0&iptc=0,
background,Dreamy Clouds,https://burst.shopifycdn.com/photos/dreamy-clouds.jpg?width=70&format=pjpg&exif=0&iptc=0,
background,Binoculars Looking At Ocean,https://burst.shopifycdn.com/photos/binoculars-looking-at-ocean.jpg?width=70&format=pjpg&exif=0&iptc=0,
background,Misty Mountain Ranges At Sunrise,https://burst.shopifycdn.com/photos/misty-mountain-ranges-at-sunrise.jpg?width=70&format=pjpg&exif=0&iptc=0,
background,Antelope Canyon Grand Canyon Arizona,https://burst.shopifycdn.com/photos/antelope-canyon-grand-canyon-arizona.jpg?width=70&format=pjpg&exif=0&iptc=0,
background,Grainy Hand Falling Down,https://burst.shopifycdn.com/photos/grainy-hand-falling-down.jpg?width=70&format=pjpg&exif=0&iptc=0,
background,Museum Cuts Into The Sky,https://burst.shopifycdn.com/photos/museum-cuts-into-the-sky.jpg?width=70&format=pjpg&exif=0&iptc=0,
background,Ripples Of Sand In Black And White,https://burst.shopifycdn.com/photos/ripples-of-sand-in-black-and-white.jpg?width=70&format=pjpg&exif=0&iptc=0,
background,Dancing With Temples In The Orange Mist,https://burst.shopifycdn.com/photos/dancing-with-temples-in-the-orange-mist.jpg?width=70&format=pjpg&exif=0&iptc=0,
background,Blue Landscape,https://burst.shopifycdn.com/photos/blue-landscape.jpg?width=70&format=pjpg&exif=0&iptc=0,
background,Flower Buds On A Branch Sit In A Jug Of Water,https://burst.shopifycdn.com/photos/flower-buds-on-a-branch-sit-in-a-jug-of-water.jpg?width=70&format=pjpg&exif=0&iptc=0,
background,A Cluster Of Curling Pink, Silver And White Like Ink In Water,https://burst.shopifycdn.com/photos/a-cluster-of-curling-pink-silver-and-white-like-ink-in-water.jpg?width=70&format=pjpg&exif=0&iptc=0,
background,Flower Petals Huddled Together Near a Candle,https://burst.shopifycdn.com/photos/flower-petals-huddled-together-near-a-candle.jpg?width=70&format=pjpg&exif=0&iptc=0,
background,Bright Blue Waters And Red Sandy Shores,https://burst.shopifycdn.com/photos/bright-blue-waters-and-red-sandy-shores.jpg?width=70&format=pjpg&exif=0&iptc=0,
background,Vertical Cirtus Slices,https://burst.shopifycdn.com/photos/vertical-cirtus-slices.jpg?width=70&format=pjpg&exif=0&iptc=0,
background,White Background With Brances Frame,https://burst.shopifycdn.com/photos/white-background-with-brances-frame.jpg?width=70&format=pjpg&exif=0&iptc=0,
background,Rubber Tree Plant Leaves,https://burst.shopifycdn.com/photos/rubber-tree-plant-leaves.jpg?width=70&format=pjpg&exif=0&iptc=0,
background,Mountain Views At Sunrise,https://burst.shopifycdn.com/photos/mountain-views-at-sunrise.jpg?width=70&format=pjpg&exif=0&iptc=0,
background,Cubist Style In Urban Housing,https://burst.shopifycdn.com/photos/cubist-style-in-urban-housing.jpg?width=70&format=pjpg&exif=0&iptc=0,
background,Calm Water In European City,https://burst.shopifycdn.com/photos/calm-water-in-european-city.jpg?width=70&format=pjpg&exif=0&iptc=0,
background,Perfect Yellow Flower,https://burst.shopifycdn.com/photos/perfect-yellow-flower.jpg?width=70&format=pjpg&exif=0&iptc=0,
background,Asphalt Highway,https://burst.shopifycdn.com/photos/asphalt-highway.jpg?width=70&format=pjpg&exif=0&iptc=0,
background,Beach Sunset Thailand,https://burst.shopifycdn.com/photos/beach-sunset-thailand.jpg?width=70&format=pjpg&exif=0&iptc=0,
background,Pink Petals On Pink,https://burst.shopifycdn.com/photos/pink-petals-on-pink.jpg?width=70&format=pjpg&exif=0&iptc=0,
background,Abstract Blue,https://burst.shopifycdn.com/photos/abstract-blue.jpg?width=70&format=pjpg&exif=0&iptc=0,
background,Fog On Dark Waters Edge,https://burst.shopifycdn.com/photos/fog-on-dark-waters-edge.jpg?width=70&format=pjpg&exif=0&iptc=0,
background,Palm Trees Sky,https://burst.shopifycdn.com/photos/palm-trees-sky.jpg?width=70&format=pjpg&exif=0&iptc=0,
background,Long Forest Path,https://burst.shopifycdn.com/photos/long-forest-path.jpg?width=70&format=pjpg&exif=0&iptc=0,
background,Beautiful Day At The Beach,https://burst.shopifycdn.com/photos/beautiful-day-at-the-beach.jpg?width=70&format=pjpg&exif=0&iptc=0,
background,Celebrate Carnival Background,https://burst.shopifycdn.com/photos/celebrate-carnival-background.jpg?width=70&format=pjpg&exif=0&iptc=0,
background,Pink Spring Tree Blossoms,https://burst.shopifycdn.com/photos/pink-spring-tree-blossoms.jpg?width=70&format=pjpg&exif=0&iptc=0,
background,Dusty Rose,https://burst.shopifycdn.com/photos/dusty-rose.jpg?width=70&format=pjpg&exif=0&iptc=0,
background,Red Textured Wall,https://burst.shopifycdn.com/photos/red-textured-wall.jpg?width=70&format=pjpg&exif=0&iptc=0,
background,Ocean Water With Swimmers,https://burst.shopifycdn.com/photos/ocean-water-with-swimmers.jpg?width=70&format=pjpg&exif=0&iptc=0,
background,City Lights Through Rain Window,https://burst.shopifycdn.com/photos/city-lights-through-rain-window.jpg?width=70&format=pjpg&exif=0&iptc=0,
background,Writing Tools,https://burst.shopifycdn.com/photos/wrtiting-tools.jpg?width=70&format=pjpg&exif=0&iptc=0,
background,Seaweed Washed Up On Beach,https://burst.shopifycdn.com/photos/seaweed-washed-up-on-beach.jpg?width=70&format=pjpg&exif=0&iptc=0,
background,Beach Sunset,https://burst.shopifycdn.com/photos/beach-sunset.jpg?width=70&format=pjpg&exif=0&iptc=0,
background,Green Orange And Yellow Ink,https://burst.shopifycdn.com/photos/green-orange-and-yellow-ink.jpg?width=70&format=pjpg&exif=0&iptc=0,
background,Mountain Magic Hour,https://burst.shopifycdn.com/photos/mountain-magic-hour.jpg?width=70&format=pjpg&exif=0&iptc=0,
background,Stream Water Passing Through Cliffs,https://burst.shopifycdn.com/photos/stream-water-passing-through-cliffs.jpg?width=70&format=pjpg&exif=0&iptc=0,
background,Golden Autumn Leaves,https://burst.shopifycdn.com/photos/golden-autumn-leaves.jpg?width=70&format=pjpg&exif=0&iptc=0,
background,Hiking Though Giants,https://burst.shopifycdn.com/photos/hiking-though-giants.jpg?width=70&format=pjpg&exif=0&iptc=0,
background,Indoor Brick Wall Texture,https://burst.shopifycdn.com/photos/indoor-brick-wall-texture.jpg?width=70&format=pjpg&exif=0&iptc=0,
background,Man Hiking In Mountains,https://burst.shopifycdn.com/photos/man-hiking-in-mountains.jpg?width=70&format=pjpg&exif=0&iptc=0,
background,Thin Plant Stems In Sun,https://burst.shopifycdn.com/photos/thin-plant-stems-in-sun.jpg?width=70&format=pjpg&exif=0&iptc=0,
background,Autumn Trees & Hillside,https://burst.shopifycdn.com/photos/autumn-trees-hillside.jpg?width=70&format=pjpg&exif=0&iptc=0,
background,Cloudy Sky From Above,https://burst.shopifycdn.com/photos/cloudy-sky-from-above.jpg?width=70&format=pjpg&exif=0&iptc=0,
background,Red And Blue Shoreline Iphone Screen,https://burst.shopifycdn.com/photos/red-and-blue-shoreline-iphone-screen.jpg?width=70&format=pjpg&exif=0&iptc=0,
background,Hiking Above Clouds At Sunset,https://burst.shopifycdn.com/photos/hiking-above-clouds-at-sunset.jpg?width=70&format=pjpg&exif=0&iptc=0,
beauty,Confident Young Woman,https://burst.shopifycdn.com/photos/confident-young-woman.jpg?width=70&format=pjpg&exif=0&iptc=0,
beauty,Woman Grasping Flowers,https://burst.shopifycdn.com/photos/woman-grasping-flowers.jpg?width=70&format=pjpg&exif=0&iptc=0,
beauty,Makeup Beauty Flatlay,https://burst.shopifycdn.com/photos/makeup-beauty-flatlay.jpg?width=70&format=pjpg&exif=0&iptc=0,
beauty,Beauty Set,https://burst.shopifycdn.com/photos/beauty-set.jpg?width=70&format=pjpg&exif=0&iptc=0,
beauty,Makeup And Jewelry,https://burst.shopifycdn.com/photos/makeup-and-jewelry.jpg?width=70&format=pjpg&exif=0&iptc=0,
beauty,Makeup Brush Set,https://burst.shopifycdn.com/photos/makeup-brush-set.jpg?width=70&format=pjpg&exif=0&iptc=0,
beauty,Reds For Lips,https://burst.shopifycdn.com/photos/reds-for-lips.jpg?width=70&format=pjpg&exif=0&iptc=0,
beauty,Woman Applying Lipstick,https://burst.shopifycdn.com/photos/woman-applying-lipstick.jpg?width=70&format=pjpg&exif=0&iptc=0,
beauty,Pink Lipstick Through Bright Blue Paper,https://burst.shopifycdn.com/photos/pink-lipstick-through-bright-blue-paper.jpg?width=70&format=pjpg&exif=0&iptc=0,
beauty,Bright Eye Makeup & Brushes,https://burst.shopifycdn.com/photos/bright-eye-makeup-brushes.jpg?width=70&format=pjpg&exif=0&iptc=0,
beauty,Beauty Products And Flower,https://burst.shopifycdn.com/photos/beauty-products-and-flower.jpg?width=70&format=pjpg&exif=0&iptc=0,
beauty,Beauty Flatlay,https://burst.shopifycdn.com/photos/beauty-flatlay.jpg?width=70&format=pjpg&exif=0&iptc=0,
beauty,Hair In Messy Bun,https://burst.shopifycdn.com/photos/hair-in-messy-bun.jpg?width=70&format=pjpg&exif=0&iptc=0,
beauty,Makeup, Powder, Foundation & Brushes,https://burst.shopifycdn.com/photos/makeup-powder-foundation-brushes.jpg?width=70&format=pjpg&exif=0&iptc=0,
beauty,Makeup And Beauty Products,https://burst.shopifycdn.com/photos/makeup-and-beauty-products.jpg?width=70&format=pjpg&exif=0&iptc=0,
beauty,Beauty Products Flatlay,https://burst.shopifycdn.com/photos/beauty-products-flatlay.jpg?width=70&format=pjpg&exif=0&iptc=0,
beauty,Beauty Products And Makeup On Black Background,https://burst.shopifycdn.com/photos/beauty-products-and-makeup-on-black-background.jpg?width=70&format=pjpg&exif=0&iptc=0,
beauty,Pink Lip Gloss,https://burst.shopifycdn.com/photos/pink-lip-gloss.jpg?width=70&format=pjpg&exif=0&iptc=0,
beauty,DIY Beard Balm,https://burst.shopifycdn.com/photos/DIY-beard-balm.jpg?width=70&format=pjpg&exif=0&iptc=0,
beauty,Makeup Brush & Jewelry,https://burst.shopifycdn.com/photos/makeup-brush-jewelry.jpg?width=70&format=pjpg&exif=0&iptc=0,
beauty,Bright Eyeshadow Makeup,https://burst.shopifycdn.com/photos/bright-eyeshadow-makeup.jpg?width=70&format=pjpg&exif=0&iptc=0,
beauty,Makeup Brush Tips,https://burst.shopifycdn.com/photos/makeup-brush-tips.jpg?width=70&format=pjpg&exif=0&iptc=0,
beauty,Painter Working In Studio,https://burst.shopifycdn.com/photos/painter-working-in-studio.jpg?width=70&format=pjpg&exif=0&iptc=0,
beauty,Person Sits Cross-Legged In Summer Fashion,https://burst.shopifycdn.com/photos/person-sits-cross-legged-in-summer-fashion.jpg?width=70&format=pjpg&exif=0&iptc=0,
beauty,Makeup Powders And Brush,https://burst.shopifycdn.com/photos/makeup-powders-and-brush.jpg?width=70&format=pjpg&exif=0&iptc=0,
beauty,Beauty Product Flatlay,https://burst.shopifycdn.com/photos/beauty-product-flatlay.jpg?width=70&format=pjpg&exif=0&iptc=0,
beauty,Shiny Lipstick In Black And White,https://burst.shopifycdn.com/photos/shiny-lipstick-in-black-and-white.jpg?width=70&format=pjpg&exif=0&iptc=0,
beauty,Applying Lip Balm,https://burst.shopifycdn.com/photos/applying-lip-balm.jpg?width=70&format=pjpg&exif=0&iptc=0,
beauty,Woman Side Profile Looking Up,https://burst.shopifycdn.com/photos/woman-side-profile-looking-up.jpg?width=70&format=pjpg&exif=0&iptc=0,
beauty,Lipstick,https://burst.shopifycdn.com/photos/lipstick.jpg?width=70&format=pjpg&exif=0&iptc=0,
beauty,Hair Tools With Pink,https://burst.shopifycdn.com/photos/hair-tools-with-pink.jpg?width=70&format=pjpg&exif=0&iptc=0,
beauty,Makeup Mash Up Flatlay Of Beauty,https://burst.shopifycdn.com/photos/makeup-mash-up-flatlay-of-beauty.jpg?width=70&format=pjpg&exif=0&iptc=0,
beauty,Blue Eyes Getting Makeup Close Up,https://burst.shopifycdn.com/photos/blue-eyes-getting-makeup-close-up.jpg?width=70&format=pjpg&exif=0&iptc=0,
beauty,Female Artist Closeup,https://burst.shopifycdn.com/photos/female-artist-closeup.jpg?width=70&format=pjpg&exif=0&iptc=0,
beauty,Makeup Shadows And Blushes,https://burst.shopifycdn.com/photos/makeup-shadows-and-blushes.jpg?width=70&format=pjpg&exif=0&iptc=0,
beauty,Brushes Blossoms,https://burst.shopifycdn.com/photos/brushes-blossoms.jpg?width=70&format=pjpg&exif=0&iptc=0,
beauty,Woman Applying Lip Balm,https://burst.shopifycdn.com/photos/woman-applying-lip-balm.jpg?width=70&format=pjpg&exif=0&iptc=0,
beauty,Woman Gets Eyeliner Applied,https://burst.shopifycdn.com/photos/woman-gets-eyeliner-applied.jpg?width=70&format=pjpg&exif=0&iptc=0,
beauty,Lipstick From Above,https://burst.shopifycdn.com/photos/lipstick-from-above.jpg?width=70&format=pjpg&exif=0&iptc=0,
beauty,Long Curly Hair And Dark Lipstick,https://burst.shopifycdn.com/photos/long-curly-hair-and-dark-lipstick.jpg?width=70&format=pjpg&exif=0&iptc=0,
beauty,Lipstick Shade Of Red,https://burst.shopifycdn.com/photos/lipstick-shade-of-red.jpg?width=70&format=pjpg&exif=0&iptc=0,
beauty,Hair Scissors On White,https://burst.shopifycdn.com/photos/hair-scissors-on-white.jpg?width=70&format=pjpg&exif=0&iptc=0,
beauty,Artist Painting In Studio,https://burst.shopifycdn.com/photos/artist-painting-in-studio.jpg?width=70&format=pjpg&exif=0&iptc=0,
beauty,Smiling Brunette Woman,https://burst.shopifycdn.com/photos/smiling-brunette-woman.jpg?width=70&format=pjpg&exif=0&iptc=0,
beauty,Woman Stylist Cuts Hair At Salon,https://burst.shopifycdn.com/photos/woman-stylist-cuts-hair-at-salon.jpg?width=70&format=pjpg&exif=0&iptc=0,
beauty,Hair Scissors And Razor,https://burst.shopifycdn.com/photos/hair-scissors-and-razor.jpg?width=70&format=pjpg&exif=0&iptc=0,
beauty,Makeup On Marble,https://burst.shopifycdn.com/photos/makeup-on-marble.jpg?width=70&format=pjpg&exif=0&iptc=0,
beauty,Flowers Nail Polish Flatlay,https://burst.shopifycdn.com/photos/flowers-nail-polish-flatlay.jpg?width=70&format=pjpg&exif=0&iptc=0,
beauty,Makeup Brushes Close-up,https://burst.shopifycdn.com/photos/makeup-brushes-close-up.jpg?width=70&format=pjpg&exif=0&iptc=0,
beauty,Makeup Artists Lipstick Palette,https://burst.shopifycdn.com/photos/makeup-artists-lipstick-palette.jpg?width=70&format=pjpg&exif=0&iptc=0,
money,Stuffed Piggy Bank Savings,https://burst.shopifycdn.com/photos/stuffed-piggy-bank-savings.jpg?width=70&format=pjpg&exif=0&iptc=0,
money,Making A Budget Tracking Finances,https://burst.shopifycdn.com/photos/making-a-budget-tracking-finances.jpg?width=70&format=pjpg&exif=0&iptc=0,
money,International Money,https://burst.shopifycdn.com/photos/international-money.jpg?width=70&format=pjpg&exif=0&iptc=0,
money,Online Shopping,https://burst.shopifycdn.com/photos/online-shopping.jpg?width=70&format=pjpg&exif=0&iptc=0,
money,Crypto Investor Gold Btc Coin,https://burst.shopifycdn.com/photos/crypto-investor-gold-btc-coin.jpg?width=70&format=pjpg&exif=0&iptc=0,
money,Money In Hand,https://burst.shopifycdn.com/photos/money-in-hand.jpg?width=70&format=pjpg&exif=0&iptc=0,
money,Purse, Wallet & Money,https://burst.shopifycdn.com/photos/purse-wallet-money.jpg?width=70&format=pjpg&exif=0&iptc=0,
money,Stock Market Tracking And Stocks,https://burst.shopifycdn.com/photos/stock-market-tracking-and-stocks.jpg?width=70&format=pjpg&exif=0&iptc=0,
money,Getting Business Finances In Order,https://burst.shopifycdn.com/photos/getting-business-finances-in-order.jpg?width=70&format=pjpg&exif=0&iptc=0,
money,Calculating Bills,https://burst.shopifycdn.com/photos/calculating-bills.jpg?width=70&format=pjpg&exif=0&iptc=0,
money,Finances And Budget,https://burst.shopifycdn.com/photos/finances-and-budget.jpg?width=70&format=pjpg&exif=0&iptc=0,
money,Bank For Saving Money,https://burst.shopifycdn.com/photos/bank-for-saving-money.jpg?width=70&format=pjpg&exif=0&iptc=0,
money,Money Pile,https://burst.shopifycdn.com/photos/money-pile.jpg?width=70&format=pjpg&exif=0&iptc=0,
money,Money In The Bank,https://burst.shopifycdn.com/photos/money-in-the-bank.jpg?width=70&format=pjpg&exif=0&iptc=0,
money,Cash Money Bills On Woodgrain,https://burst.shopifycdn.com/photos/cash-money-bills-on-woodgrain.jpg?width=70&format=pjpg&exif=0&iptc=0,
money,Saving Money In Piggy Bank,https://burst.shopifycdn.com/photos/saving-money-in-piggy-bank.jpg?width=70&format=pjpg&exif=0&iptc=0,
money,Handful Of Bitcoin Cryptocurrency,https://burst.shopifycdn.com/photos/handful-of-bitcoin-cryptocurrency.jpg?width=70&format=pjpg&exif=0&iptc=0,
money,Handful Of Cash,https://burst.shopifycdn.com/photos/handful-of-cash.jpg?width=70&format=pjpg&exif=0&iptc=0,
money,Bitcoin Coin On Bills Of Cash Money,https://burst.shopifycdn.com/photos/bitcoin-coin-on-bills-of-cash-money.jpg?width=70&format=pjpg&exif=0&iptc=0,
money,Cash Smartphone,https://burst.shopifycdn.com/photos/cash-smartphone.jpg?width=70&format=pjpg&exif=0&iptc=0,
money,Piggy Bank With Money,https://burst.shopifycdn.com/photos/piggy-bank-with-money.jpg?width=70&format=pjpg&exif=0&iptc=0,
money,Wallet and Money,https://burst.shopifycdn.com/photos/wallet-and-money.jpg?width=70&format=pjpg&exif=0&iptc=0,
money,Saving Money Piggy Bank,https://burst.shopifycdn.com/photos/saving-money-piggy-bank.jpg?width=70&format=pjpg&exif=0&iptc=0,
money,Money Lettering In Coins,https://burst.shopifycdn.com/photos/money-lettering-in-coins.jpg?width=70&format=pjpg&exif=0&iptc=0,
money,Money Saving Bank,https://burst.shopifycdn.com/photos/money-saving-bank.jpg?width=70&format=pjpg&exif=0&iptc=0,
money,Doing Finances And Taking Notes,https://burst.shopifycdn.com/photos/doing-finances-and-taking-notes.jpg?width=70&format=pjpg&exif=0&iptc=0,
money,Filing Taxes,https://burst.shopifycdn.com/photos/filing-taxes.jpg?width=70&format=pjpg&exif=0&iptc=0,
money,American Money,https://burst.shopifycdn.com/photos/american-money.jpg?width=70&format=pjpg&exif=0&iptc=0,
money,Piggy Bank Savings,https://burst.shopifycdn.com/photos/piggy-bank-savings.jpg?width=70&format=pjpg&exif=0&iptc=0,
money,World Coins,https://burst.shopifycdn.com/photos/world-coins.jpg?width=70&format=pjpg&exif=0&iptc=0,
money,Money Rolled,https://burst.shopifycdn.com/photos/money-rolled.jpg?width=70&format=pjpg&exif=0&iptc=0,
money,Bills And Bill Payment,https://burst.shopifycdn.com/photos/bills-and-bill-payment.jpg?width=70&format=pjpg&exif=0&iptc=0,
money,Counting Money,https://burst.shopifycdn.com/photos/counting-money.jpg?width=70&format=pjpg&exif=0&iptc=0,
money,Purse with Money,https://burst.shopifycdn.com/photos/purse-with-money.jpg?width=70&format=pjpg&exif=0&iptc=0,
money,Hand Putting Money In Bank,https://burst.shopifycdn.com/photos/hand-putting-money-in-bank.jpg?width=70&format=pjpg&exif=0&iptc=0,
money,Paperwork Filing,https://burst.shopifycdn.com/photos/paperwork-filing.jpg?width=70&format=pjpg&exif=0&iptc=0,
money,Saving Cash In Bank,https://burst.shopifycdn.com/photos/saving-cash-in-bank.jpg?width=70&format=pjpg&exif=0&iptc=0,
money,Money Spelled Out With Cash,https://burst.shopifycdn.com/photos/money-spelled-out-with-cash.jpg?width=70&format=pjpg&exif=0&iptc=0,
money,Piggy Bank,https://burst.shopifycdn.com/photos/piggy-bank.jpg?width=70&format=pjpg&exif=0&iptc=0,
money,Silver Coin Stack On Left Of Image,https://burst.shopifycdn.com/photos/silver-coin-stack-on-left-of-image.jpg?width=70&format=pjpg&exif=0&iptc=0,
money,Bitcoin Into Piggy Bank,https://burst.shopifycdn.com/photos/bitcoin-into-piggy-bank.jpg?width=70&format=pjpg&exif=0&iptc=0,
money,Assorted Dollar Bills,https://burst.shopifycdn.com/photos/assorted-dollar-bills.jpg?width=70&format=pjpg&exif=0&iptc=0,
money,Coins Stacked In Crooked Pile,https://burst.shopifycdn.com/photos/coins-stacked-in-crooked-pile.jpg?width=70&format=pjpg&exif=0&iptc=0,
money,Holding Hundred Dollar Bills,https://burst.shopifycdn.com/photos/Holding-Hundred-Dollar-Bills.jpg?width=70&format=pjpg&exif=0&iptc=0,
money,Putting Bitcoin Into Piggy Bank,https://burst.shopifycdn.com/photos/putting-bitcoin-into-piggy-bank.jpg?width=70&format=pjpg&exif=0&iptc=0,
money,Piggy Bank On Blue,https://burst.shopifycdn.com/photos/piggy-bank-on-blue.jpg?width=70&format=pjpg&exif=0&iptc=0,
money,Bitcoin And Piggy Bank,https://burst.shopifycdn.com/photos/bitcoin-and-piggy-bank.jpg?width=70&format=pjpg&exif=0&iptc=0,
money,Bitcoin Atm And Card,https://burst.shopifycdn.com/photos/bitcoin-atm-and-card.jpg?width=70&format=pjpg&exif=0&iptc=0,
money,Melting Dollar Bill Money Drips,https://burst.shopifycdn.com/photos/melting-dollar-bill-money-drips.jpg?width=70&format=pjpg&exif=0&iptc=0,
money,Stacked Coins Close Up,https://burst.shopifycdn.com/photos/stacked-coins-close-up.jpg?width=70&format=pjpg&exif=0&iptc=0,
product,Shipping Boxes In Front Of Red Brick,https://burst.shopifycdn.com/photos/shipping-boxes-in-front-of-red-brick.jpg?width=70&format=pjpg&exif=0&iptc=0,
product,Wrist Watches,https://burst.shopifycdn.com/photos/wrist-watches.jpg?width=70&format=pjpg&exif=0&iptc=0,
product,Man Holding Shipping Box On Red Brick,https://burst.shopifycdn.com/photos/man-holding-shipping-box-on-red-brick.jpg?width=70&format=pjpg&exif=0&iptc=0,
product,Signing Shipping Forms For Large Box,https://burst.shopifycdn.com/photos/signing-shipping-forms-for-large-box.jpg?width=70&format=pjpg&exif=0&iptc=0,
product,Receiving Shipping Box On Ipad,https://burst.shopifycdn.com/photos/receiving-shipping-box-on-ipad.jpg?width=70&format=pjpg&exif=0&iptc=0,
product,Stacked Bracelets,https://burst.shopifycdn.com/photos/stacked-bracelets.jpg?width=70&format=pjpg&exif=0&iptc=0,
product,Photography Product Download,https://burst.shopifycdn.com/photos/photography-product-download.jpg?width=70&format=pjpg&exif=0&iptc=0,
product,Gold Zipper On Black Fashion Backpack,https://burst.shopifycdn.com/photos/gold-zipper-on-black-fashion-backpack.jpg?width=70&format=pjpg&exif=0&iptc=0,
product,Modern Time Pieces,https://burst.shopifycdn.com/photos/modern-time-pieces.jpg?width=70&format=pjpg&exif=0&iptc=0,
product,Pool Floaty Fun,https://burst.shopifycdn.com/photos/pool-floaty-fun.jpg?width=70&format=pjpg&exif=0&iptc=0,
product,Shipping Boxes On Red Brick,https://burst.shopifycdn.com/photos/shipping-boxes-on-red-brick.jpg?width=70&format=pjpg&exif=0&iptc=0,
product,Blue T-Shirt,https://burst.shopifycdn.com/photos/blue-t-shirt.jpg?width=70&format=pjpg&exif=0&iptc=0,
product,Beard Oil And Balm,https://burst.shopifycdn.com/photos/beard-oil-and-balm.jpg?width=70&format=pjpg&exif=0&iptc=0,
product,Man Signing For Shipping Box,https://burst.shopifycdn.com/photos/man-signing-for-shipping-box.jpg?width=70&format=pjpg&exif=0&iptc=0,
product,DIY Beard Balm,https://burst.shopifycdn.com/photos/DIY-beard-balm.jpg?width=70&format=pjpg&exif=0&iptc=0,
product,Black Bag Over The Shoulder,https://burst.shopifycdn.com/photos/black-bag-over-the-shoulder.jpg?width=70&format=pjpg&exif=0&iptc=0,
product,Red T-Shirt,https://burst.shopifycdn.com/photos/red-t-shirt.jpg?width=70&format=pjpg&exif=0&iptc=0,
product,Makeup Brush Tips,https://burst.shopifycdn.com/photos/makeup-brush-tips.jpg?width=70&format=pjpg&exif=0&iptc=0,
product,Modern Bamboo Wristwatch,https://burst.shopifycdn.com/photos/modern-bamboo-wristwatch.jpg?width=70&format=pjpg&exif=0&iptc=0,
product,Blank Colored T Shirts,https://burst.shopifycdn.com/photos/blank-colored-t-shirts.jpg?width=70&format=pjpg&exif=0&iptc=0,
product,Dainty Gold Necklace,https://burst.shopifycdn.com/photos/dainty-gold-necklace.jpg?width=70&format=pjpg&exif=0&iptc=0,
product,Bright Red Purse With Gold,https://burst.shopifycdn.com/photos/bright-red-purse-with-gold.jpg?width=70&format=pjpg&exif=0&iptc=0,
product,Green T-Shirt,https://burst.shopifycdn.com/photos/green-t-shirt.jpg?width=70&format=pjpg&exif=0&iptc=0,
product,Receiving Shipping Box,https://burst.shopifycdn.com/photos/receiving-shipping-box.jpg?width=70&format=pjpg&exif=0&iptc=0,
product,Wood Leather Watches,https://burst.shopifycdn.com/photos/wood-leather-watches.jpg?width=70&format=pjpg&exif=0&iptc=0,
product,Fun Swimming Products,https://burst.shopifycdn.com/photos/fun-swimming-products.jpg?width=70&format=pjpg&exif=0&iptc=0,
product,Black Fashion Backpack,https://burst.shopifycdn.com/photos/black-fashion-backpack.jpg?width=70&format=pjpg&exif=0&iptc=0,
product,Boho Earrings,https://burst.shopifycdn.com/photos/boho-earrings.jpg?width=70&format=pjpg&exif=0&iptc=0,
product,Watches In Black White,https://burst.shopifycdn.com/photos/watches-in-black-white.jpg?width=70&format=pjpg&exif=0&iptc=0,
product,Photography Studio,https://burst.shopifycdn.com/photos/photography-studio.jpg?width=70&format=pjpg&exif=0&iptc=0,
product,Buddha Bracelet For Men,https://burst.shopifycdn.com/photos/buddha-bracelet-for-men.jpg?width=70&format=pjpg&exif=0&iptc=0,
product,Pretty Gold Necklace,https://burst.shopifycdn.com/photos/pretty-gold-necklace.jpg?width=70&format=pjpg&exif=0&iptc=0,
product,Yoga Mat Unrolled,https://burst.shopifycdn.com/photos/yoga-mat-unrolled.jpg?width=70&format=pjpg&exif=0&iptc=0,
product,Galaxy Earrings,https://burst.shopifycdn.com/photos/galaxy-earrings.jpg?width=70&format=pjpg&exif=0&iptc=0,
product,Shipping Boxes On Trolly Close Up,https://burst.shopifycdn.com/photos/shipping-boxes-on-trolly-close-up.jpg?width=70&format=pjpg&exif=0&iptc=0,
product,Classic Quartz Wrist Watch,https://burst.shopifycdn.com/photos/classic-quartz-wrist-watch.jpg?width=70&format=pjpg&exif=0&iptc=0,
product,Digital Download Music,https://burst.shopifycdn.com/photos/digital-download-music.jpg?width=70&format=pjpg&exif=0&iptc=0,
product,Cobalt Blue T-Shirt,https://burst.shopifycdn.com/photos/cobalt-blue-t-shirt.jpg?width=70&format=pjpg&exif=0&iptc=0,
product,Anchor Bracelet Mens,https://burst.shopifycdn.com/photos/anchor-bracelet-mens.jpg?width=70&format=pjpg&exif=0&iptc=0,
product,Yoga Accessories,https://burst.shopifycdn.com/photos/yoga-accessories.jpg?width=70&format=pjpg&exif=0&iptc=0,
product,Purple Gemstone Necklace,https://burst.shopifycdn.com/photos/purple-gemstone-necklace.jpg?width=70&format=pjpg&exif=0&iptc=0,
product,Black & White Wrist Watches,https://burst.shopifycdn.com/photos/black-white-wrist-watches.jpg?width=70&format=pjpg&exif=0&iptc=0,
product,Free Shipping On Digital Product,https://burst.shopifycdn.com/photos/free-shipping-on-digital-product.jpg?width=70&format=pjpg&exif=0&iptc=0,
product,Purple T-Shirt,https://burst.shopifycdn.com/photos/purple-t-shirt.jpg?width=70&format=pjpg&exif=0&iptc=0,
product,QR Codes In Store,https://burst.shopifycdn.com/photos/qr-codes-in-store.jpg?width=70&format=pjpg&exif=0&iptc=0,
product,Stacked Bracelets Set,https://burst.shopifycdn.com/photos/stacked-bracelets-set.jpg?width=70&format=pjpg&exif=0&iptc=0,
product,Simple Beige Mens Shirt,https://burst.shopifycdn.com/photos/simple-beige-mens-shirt.jpg?width=70&format=pjpg&exif=0&iptc=0,
product,Digital Photography Flatlay,https://burst.shopifycdn.com/photos/digital-photography-flatlay.jpg?width=70&format=pjpg&exif=0&iptc=0,
product,Digital Music Product,https://burst.shopifycdn.com/photos/digital-music-product.jpg?width=70&format=pjpg&exif=0&iptc=0,
product,Watch No Numbers,https://burst.shopifycdn.com/photos/watch-no-numbers.jpg?width=70&format=pjpg&exif=0&iptc=0,
retail,Woman Shopping For Clothes,https://burst.shopifycdn.com/photos/woman-shopping-for-clothes.jpg?width=70&format=pjpg&exif=0&iptc=0,
retail,Sale Tag,https://burst.shopifycdn.com/photos/sale-tag.jpg?width=70&format=pjpg&exif=0&iptc=0,
retail,Online Shopping,https://burst.shopifycdn.com/photos/online-shopping.jpg?width=70&format=pjpg&exif=0&iptc=0,
retail,Busy Shopping Mall,https://burst.shopifycdn.com/photos/busy-shopping-mall.jpg?width=70&format=pjpg&exif=0&iptc=0,
retail,Shopping Gift Wrap,https://burst.shopifycdn.com/photos/shopping-gift-wrap.jpg?width=70&format=pjpg&exif=0&iptc=0,
retail,Social Media On Cell Phone,https://burst.shopifycdn.com/photos/social-media-on-cell-phone.jpg?width=70&format=pjpg&exif=0&iptc=0,
retail,Buying Online Black Friday,https://burst.shopifycdn.com/photos/buying-online-black-friday.jpg?width=70&format=pjpg&exif=0&iptc=0,
retail,Browsing Clothing,https://burst.shopifycdn.com/photos/browsing-clothing.jpg?width=70&format=pjpg&exif=0&iptc=0,
retail,Retail Shopping Package,https://burst.shopifycdn.com/photos/retail-shopping-package.jpg?width=70&format=pjpg&exif=0&iptc=0,
retail,Online Shopping Credit Cards,https://burst.shopifycdn.com/photos/online-shopping-credit-cards.jpg?width=70&format=pjpg&exif=0&iptc=0,
retail,Eaton Center,https://burst.shopifycdn.com/photos/eaton-center.jpg?width=70&format=pjpg&exif=0&iptc=0,
retail,Facebook Mobile,https://burst.shopifycdn.com/photos/facebook-mobile.jpg?width=70&format=pjpg&exif=0&iptc=0,
retail,Rack Of Womens Clothing,https://burst.shopifycdn.com/photos/rack-of-womens-clothing.jpg?width=70&format=pjpg&exif=0&iptc=0,
retail,Classic Neon Open Sign,https://burst.shopifycdn.com/photos/classic-neon-open-sign.jpg?width=70&format=pjpg&exif=0&iptc=0,
retail,Black Friday Online Store,https://burst.shopifycdn.com/photos/black-friday-online-store.jpg?width=70&format=pjpg&exif=0&iptc=0,
retail,Gift Card Envelopes,https://burst.shopifycdn.com/photos/gift-card-envelopes.jpg?width=70&format=pjpg&exif=0&iptc=0,
retail,Green Door With Open Sign,https://burst.shopifycdn.com/photos/green-door-with-open-sign.jpg?width=70&format=pjpg&exif=0&iptc=0,
retail,Vintage Shopping,https://burst.shopifycdn.com/photos/vintage-shopping.jpg?width=70&format=pjpg&exif=0&iptc=0,
retail,Sale Sign Flatlay,https://burst.shopifycdn.com/photos/sale-sign-flatlay.jpg?width=70&format=pjpg&exif=0&iptc=0,
retail,Checking Sales Data,https://burst.shopifycdn.com/photos/checking-sales-data.jpg?width=70&format=pjpg&exif=0&iptc=0,
retail,Child Opens Christmas Gift Card,https://burst.shopifycdn.com/photos/child-opens-christmas-gift-card.jpg?width=70&format=pjpg&exif=0&iptc=0,
retail,Checkout Button,https://burst.shopifycdn.com/photos/checkout-button.jpg?width=70&format=pjpg&exif=0&iptc=0,
retail,Free Shipping Written In Notebook,https://burst.shopifycdn.com/photos/free-shipping-written-in-notebook.jpg?width=70&format=pjpg&exif=0&iptc=0,
retail,Hard Work Pays Off,https://burst.shopifycdn.com/photos/hard-work-pays-off.jpg?width=70&format=pjpg&exif=0&iptc=0,
retail,Handful Of Cash,https://burst.shopifycdn.com/photos/handful-of-cash.jpg?width=70&format=pjpg&exif=0&iptc=0,
retail,Tracking Sale On Mobile,https://burst.shopifycdn.com/photos/tracking-sale-on-mobile.jpg?width=70&format=pjpg&exif=0&iptc=0,
retail,Clothing On Retail Rack,https://burst.shopifycdn.com/photos/clothing-on-retail-rack.jpg?width=70&format=pjpg&exif=0&iptc=0,
retail,Gift Card,https://burst.shopifycdn.com/photos/gift-card.jpg?width=70&format=pjpg&exif=0&iptc=0,
retail,Card Reader Payment,https://burst.shopifycdn.com/photos/card-reader-payment.jpg?width=70&format=pjpg&exif=0&iptc=0,
retail,Ecommerce Black Friday,https://burst.shopifycdn.com/photos/ecommerce-black-friday.jpg?width=70&format=pjpg&exif=0&iptc=0,
retail,Wallet and Money,https://burst.shopifycdn.com/photos/wallet-and-money.jpg?width=70&format=pjpg&exif=0&iptc=0,
retail,Buy Online Black Friday,https://burst.shopifycdn.com/photos/buy-online-black-friday.jpg?width=70&format=pjpg&exif=0&iptc=0,
retail,Purse, Wallet & Money,https://burst.shopifycdn.com/photos/purse-wallet-money.jpg?width=70&format=pjpg&exif=0&iptc=0,
retail,Black Friday Sale Tablet,https://burst.shopifycdn.com/photos/black-friday-sale-tablet.jpg?width=70&format=pjpg&exif=0&iptc=0,
retail,Womens Fashion On Hangers,https://burst.shopifycdn.com/photos/womens-fashion-on-hangers.jpg?width=70&format=pjpg&exif=0&iptc=0,
retail,Setting Up Discount,https://burst.shopifycdn.com/photos/setting-up-discount.jpg?width=70&format=pjpg&exif=0&iptc=0,
retail,Free Shipping Wooden Sign,https://burst.shopifycdn.com/photos/free-shipping-wooden-sign.jpg?width=70&format=pjpg&exif=0&iptc=0,
retail,Tablet Black Friday Sale,https://burst.shopifycdn.com/photos/tablet-black-friday-sale.jpg?width=70&format=pjpg&exif=0&iptc=0,
retail,Woman Within Clothing Racks,https://burst.shopifycdn.com/photos/woman-within-clothing-racks.jpg?width=70&format=pjpg&exif=0&iptc=0,
retail,Black Friday Discount,https://burst.shopifycdn.com/photos/black-friday-discount.jpg?width=70&format=pjpg&exif=0&iptc=0,
retail,A Woman In Her Shop,https://burst.shopifycdn.com/photos/a-woman-in-her-shop.jpg?width=70&format=pjpg&exif=0&iptc=0,
retail,Black Friday Deals,https://burst.shopifycdn.com/photos/black-friday-deals.jpg?width=70&format=pjpg&exif=0&iptc=0,
retail,Small Business Decor,https://burst.shopifycdn.com/photos/small-business-decor.jpg?width=70&format=pjpg&exif=0&iptc=0,
retail,Sale x 3 Sign,https://burst.shopifycdn.com/photos/sale-x-3-sign.jpg?width=70&format=pjpg&exif=0&iptc=0,
retail,Small Business Interior,https://burst.shopifycdn.com/photos/small-business-interior.jpg?width=70&format=pjpg&exif=0&iptc=0,
retail,Creating A Store Discount,https://burst.shopifycdn.com/photos/creating-a-store-discount.jpg?width=70&format=pjpg&exif=0&iptc=0,
retail,Sweater On Rack,https://burst.shopifycdn.com/photos/sweater-on-rack.jpg?width=70&format=pjpg&exif=0&iptc=0,
retail,Black Friday To Do List,https://burst.shopifycdn.com/photos/black-friday-to-do-list.jpg?width=70&format=pjpg&exif=0&iptc=0,
retail,Business Owner Working On Online Store,https://burst.shopifycdn.com/photos/business-owner-working-on-online-store.jpg?width=70&format=pjpg&exif=0&iptc=0,
retail,Box Piles In Japanese Market,https://burst.shopifycdn.com/photos/box-piles-in-japanese-market.jpg?width=70&format=pjpg&exif=0&iptc=0,
celebrate,Celebrate Carnival Background,https://burst.shopifycdn.com/photos/celebrate-carnival-background.jpg?width=70&format=pjpg&exif=0&iptc=0,
celebrate,Silver Party Mask On Pink,https://burst.shopifycdn.com/photos/silver-party-mask-on-pink.jpg?width=70&format=pjpg&exif=0&iptc=0,
celebrate,Valentine Love Card,https://burst.shopifycdn.com/photos/valentine-love-card.jpg?width=70&format=pjpg&exif=0&iptc=0,
celebrate,Engagement Photo,https://burst.shopifycdn.com/photos/engagement-photo.jpg?width=70&format=pjpg&exif=0&iptc=0,
celebrate,Beach Party Balloons,https://burst.shopifycdn.com/photos/beach-party-balloons.jpg?width=70&format=pjpg&exif=0&iptc=0,
celebrate,Wedding Rings Couples Hands,https://burst.shopifycdn.com/photos/wedding-rings-couples-hands.jpg?width=70&format=pjpg&exif=0&iptc=0,
celebrate,Party Hat Frenchie,https://burst.shopifycdn.com/photos/party-hat-frenchie.jpg?width=70&format=pjpg&exif=0&iptc=0,
celebrate,Beach Party With Champagne,https://burst.shopifycdn.com/photos/beach-party-with-champagne.jpg?width=70&format=pjpg&exif=0&iptc=0,
celebrate,Gift Wrapped With Bow,https://burst.shopifycdn.com/photos/gift-wrapped-with-bow.jpg?width=70&format=pjpg&exif=0&iptc=0,
celebrate,Dreamy Beach Landscape,https://burst.shopifycdn.com/photos/dreamy-beach-landscape.jpg?width=70&format=pjpg&exif=0&iptc=0,
celebrate,Berry Cheesecake,https://burst.shopifycdn.com/photos/berry-cheesecake.jpg?width=70&format=pjpg&exif=0&iptc=0,
celebrate,Black Balloon On Yellow,https://burst.shopifycdn.com/photos/black-balloon-on-yellow.jpg?width=70&format=pjpg&exif=0&iptc=0,
celebrate,Dog In Party Hat,https://burst.shopifycdn.com/photos/dog-in-party-hat.jpg?width=70&format=pjpg&exif=0&iptc=0,
celebrate,Pineapple Party,https://burst.shopifycdn.com/photos/pineapple-party.jpg?width=70&format=pjpg&exif=0&iptc=0,
celebrate,Dog In Birthday Hat,https://burst.shopifycdn.com/photos/dog-in-birthday-hat.jpg?width=70&format=pjpg&exif=0&iptc=0,
celebrate,Decorative Gift Wrapped Box,https://burst.shopifycdn.com/photos/decorative-gift-wrapped-box.jpg?width=70&format=pjpg&exif=0&iptc=0,
celebrate,Colorful Party Plates,https://burst.shopifycdn.com/photos/colorful-party-plates.jpg?width=70&format=pjpg&exif=0&iptc=0,
celebrate,Wrapping Presents,https://burst.shopifycdn.com/photos/wrapping-presents.jpg?width=70&format=pjpg&exif=0&iptc=0,
celebrate,Pride Dog,https://burst.shopifycdn.com/photos/pride-dog.jpg?width=70&format=pjpg&exif=0&iptc=0,
celebrate,Formal Dresses And Champagne,https://burst.shopifycdn.com/photos/formal-dresses-and-champagne.jpg?width=70&format=pjpg&exif=0&iptc=0,
celebrate,Purple Gift Box,https://burst.shopifycdn.com/photos/purple-gift-box.jpg?width=70&format=pjpg&exif=0&iptc=0,
celebrate,Men In Tuxedos Pouring Sparkling Wine,https://burst.shopifycdn.com/photos/men-in-tuxedos-pouring-sparkling-wine.jpg?width=70&format=pjpg&exif=0&iptc=0,
celebrate,Married Couple Holding Hands,https://burst.shopifycdn.com/photos/married-couple-holding-hands.jpg?width=70&format=pjpg&exif=0&iptc=0,
celebrate,Summer Cocktails,https://burst.shopifycdn.com/photos/summer-cocktials.jpg?width=70&format=pjpg&exif=0&iptc=0,
celebrate,Sparkler Lit And Burning,https://burst.shopifycdn.com/photos/sparkler-lit-and-burning.jpg?width=70&format=pjpg&exif=0&iptc=0,
celebrate,Concert Crowd,https://burst.shopifycdn.com/photos/concert-crowd.jpg?width=70&format=pjpg&exif=0&iptc=0,
celebrate,Blue & White Striped Dress On Girl,https://burst.shopifycdn.com/photos/blue-white-striped-dress-on-girl.jpg?width=70&format=pjpg&exif=0&iptc=0,
celebrate,Wrapped Present,https://burst.shopifycdn.com/photos/wrapped-present.jpg?width=70&format=pjpg&exif=0&iptc=0,
celebrate,Plaid Tree Wrapping Paper On Gift,https://burst.shopifycdn.com/photos/plaid-tree-wrapping-paper-on-gift.jpg?width=70&format=pjpg&exif=0&iptc=0,
celebrate,Coffee And Cake,https://burst.shopifycdn.com/photos/coffee-and-cake.jpg?width=70&format=pjpg&exif=0&iptc=0,
celebrate,Rainbow Birthday Cake,https://burst.shopifycdn.com/photos/rainbow-cake-layers.jpg?width=70&format=pjpg&exif=0&iptc=0,
celebrate,Purple Balloons On The Left Side,https://burst.shopifycdn.com/photos/purple-balloons-on-the-left-side.jpg?width=70&format=pjpg&exif=0&iptc=0,
celebrate,Nightclub Crowd Smoke Machine,https://burst.shopifycdn.com/photos/nightclub-crowd-smoke-machine.jpg?width=70&format=pjpg&exif=0&iptc=0,
celebrate,Plaid Gift Wrap Paper Background,https://burst.shopifycdn.com/photos/plaid-gift-wrap-paper-background.jpg?width=70&format=pjpg&exif=0&iptc=0,
celebrate,Hands Wrapping Presents With Paper,https://burst.shopifycdn.com/photos/hands-wrapping-presents-with-paper.jpg?width=70&format=pjpg&exif=0&iptc=0,
celebrate,Hands Up At Concert,https://burst.shopifycdn.com/photos/hands-up-at-concert.jpg?width=70&format=pjpg&exif=0&iptc=0,
celebrate,Chocolate Marshmallow Cake,https://burst.shopifycdn.com/photos/chocolate-marshmallow-cake.jpg?width=70&format=pjpg&exif=0&iptc=0,
celebrate,Patio Drinks,https://burst.shopifycdn.com/photos/patio-drinks.jpg?width=70&format=pjpg&exif=0&iptc=0,
celebrate,Underground Concert,https://burst.shopifycdn.com/photos/underground-concert.jpg?width=70&format=pjpg&exif=0&iptc=0,
celebrate,Party DJ In Action,https://burst.shopifycdn.com/photos/party-dj-in-action.jpg?width=70&format=pjpg&exif=0&iptc=0,
celebrate,Formal Tuxedos In Red Black And Blue,https://burst.shopifycdn.com/photos/formal-tuxedos-red-black-and-blue.jpg?width=70&format=pjpg&exif=0&iptc=0,
celebrate,Black And White Gift Box,https://burst.shopifycdn.com/photos/black-and-white-gift-box.jpg?width=70&format=pjpg&exif=0&iptc=0,
celebrate,Happy New Year Sparklers,https://burst.shopifycdn.com/photos/happy-new-year-sparklers.jpg?width=70&format=pjpg&exif=0&iptc=0,
celebrate,Crowd Surfers Feet,https://burst.shopifycdn.com/photos/crowd-surfers-feet.jpg?width=70&format=pjpg&exif=0&iptc=0,
celebrate,Black, Silver, And Gold Balloons,https://burst.shopifycdn.com/photos/black-silver-and-gold-balloons.jpg?width=70&format=pjpg&exif=0&iptc=0,
celebrate,Holiday Gifts Wrapping,https://burst.shopifycdn.com/photos/holiday-gifts-wrapping.jpg?width=70&format=pjpg&exif=0&iptc=0,
celebrate,Business Poses For Days,https://burst.shopifycdn.com/photos/business-poses-for-days.jpg?width=70&format=pjpg&exif=0&iptc=0,
celebrate,Gift Bag Wrap,https://burst.shopifycdn.com/photos/gift-bag-wrap.jpg?width=70&format=pjpg&exif=0&iptc=0,
celebrate,Daydream Girl With Confetti,https://burst.shopifycdn.com/photos/daydream-girl-with-confetti.jpg?width=70&format=pjpg&exif=0&iptc=0,
celebrate,Sparkling Wine To Celebrate,https://burst.shopifycdn.com/photos/sparkling-wine-to-celebrate.jpg?width=70&format=pjpg&exif=0&iptc=0,
city,Calm Water In European City,https://burst.shopifycdn.com/photos/calm-water-in-european-city.jpg?width=70&format=pjpg&exif=0&iptc=0,
city,City Lights Through Rain Window,https://burst.shopifycdn.com/photos/city-lights-through-rain-window.jpg?width=70&format=pjpg&exif=0&iptc=0,
city,Rooftopper Looking Down,https://burst.shopifycdn.com/photos/rooftopper-looking-down.jpg?width=70&format=pjpg&exif=0&iptc=0,
city,City Landscape At Night,https://burst.shopifycdn.com/photos/city-landscape-at-night.jpg?width=70&format=pjpg&exif=0&iptc=0,
city,Hiking By Golden Gate Bridge,https://burst.shopifycdn.com/photos/hiking-by-golden-gate-bridge.jpg?width=70&format=pjpg&exif=0&iptc=0,
city,Skyscrapers Looking Up,https://burst.shopifycdn.com/photos/skyscrapers-looking-up.jpg?width=70&format=pjpg&exif=0&iptc=0,
city,Business People Walking In City,https://burst.shopifycdn.com/photos/business-people-walking-in-city.jpg?width=70&format=pjpg&exif=0&iptc=0,
city,Large Group Standing In Office,https://burst.shopifycdn.com/photos/large-group-standing-in-office.jpg?width=70&format=pjpg&exif=0&iptc=0,
city,City Sunset Smoke,https://burst.shopifycdn.com/photos/city-sunset-smoke.jpg?width=70&format=pjpg&exif=0&iptc=0,
city,Tokyo At Night,https://burst.shopifycdn.com/photos/tokyo-at-night.jpg?width=70&format=pjpg&exif=0&iptc=0,
city,Flatiron Building In New York City,https://burst.shopifycdn.com/photos/flatiron-building-in-new-york-city.jpg?width=70&format=pjpg&exif=0&iptc=0,
city,White Bridge Over Calm Lake,https://burst.shopifycdn.com/photos/white-bridge-over-calm-lake.jpg?width=70&format=pjpg&exif=0&iptc=0,
city,Toronto Stunning Sunset,https://burst.shopifycdn.com/photos/toronto-stunning-sunset.jpg?width=70&format=pjpg&exif=0&iptc=0,
city,Business Woman With Wool Hat,https://burst.shopifycdn.com/photos/business-woman-with-wool-hat.jpg?width=70&format=pjpg&exif=0&iptc=0,
city,Girl Running Past Modern Architecture,https://burst.shopifycdn.com/photos/girl-running-past-modern-architecture.jpg?width=70&format=pjpg&exif=0&iptc=0,
city,Running on a Cloudy Day,https://burst.shopifycdn.com/photos/running-cloudy-day.jpg?width=70&format=pjpg&exif=0&iptc=0,
city,Brick Street Under Urban Bridge,https://burst.shopifycdn.com/photos/brick-street-under-urban-bridge.jpg?width=70&format=pjpg&exif=0&iptc=0,
city,Geometric Glass City Architecture,https://burst.shopifycdn.com/photos/geometric-glass-city-architecture.jpg?width=70&format=pjpg&exif=0&iptc=0,
city,City Street At Night,https://burst.shopifycdn.com/photos/city-street-at-night.jpg?width=70&format=pjpg&exif=0&iptc=0,
city,The Eiffel Tower Paris,https://burst.shopifycdn.com/photos/the-eiffel-tower-paris.jpg?width=70&format=pjpg&exif=0&iptc=0,
city,City Behind Greenery,https://burst.shopifycdn.com/photos/city-behind-greenery.jpg?width=70&format=pjpg&exif=0&iptc=0,
city,San Francisco Nights,https://burst.shopifycdn.com/photos/san-francisco-nights.jpg?width=70&format=pjpg&exif=0&iptc=0,
city,Chicago City Lights At Night,https://burst.shopifycdn.com/photos/chicago-city-lights-at-night.jpg?width=70&format=pjpg&exif=0&iptc=0,
city,Highway Tail Light Streaks,https://burst.shopifycdn.com/photos/highway-tail-light-streaks.jpg?width=70&format=pjpg&exif=0&iptc=0,
city,Modern Stairwell Looking Up,https://burst.shopifycdn.com/photos/modern-stairwell-looking-up.jpg?width=70&format=pjpg&exif=0&iptc=0,
city,Smiling Woman With Skyline,https://burst.shopifycdn.com/photos/smiling-woman-with-skyline.jpg?width=70&format=pjpg&exif=0&iptc=0,
city,Person Walking Bike On Sidewalk,https://burst.shopifycdn.com/photos/person-walking-bike-on-sidewalk.jpg?width=70&format=pjpg&exif=0&iptc=0,
city,Blue Black On Brick,https://burst.shopifycdn.com/photos/blue-black-on-brick.jpg?width=70&format=pjpg&exif=0&iptc=0,
city,Downtown City Skyline,https://burst.shopifycdn.com/photos/downtown-city-skyline.jpg?width=70&format=pjpg&exif=0&iptc=0,
city,Long View Of New York City,https://burst.shopifycdn.com/photos/long-view-of-new-york-city.jpg?width=70&format=pjpg&exif=0&iptc=0,
city,London UK,https://burst.shopifycdn.com/photos/london-uk.jpg?width=70&format=pjpg&exif=0&iptc=0,
city,Urban Street In Morning,https://burst.shopifycdn.com/photos/urban-street-in-morning.jpg?width=70&format=pjpg&exif=0&iptc=0,
city,Paddling By City Skyline,https://burst.shopifycdn.com/photos/paddling-by-city-skyline.jpg?width=70&format=pjpg&exif=0&iptc=0,
city,Parked Red Race Car,https://burst.shopifycdn.com/photos/parked-red-race-car.jpg?width=70&format=pjpg&exif=0&iptc=0,
city,Sunset Behind Golden Gate Bridge,https://burst.shopifycdn.com/photos/sunset-behind-golden-gate-bridge.jpg?width=70&format=pjpg&exif=0&iptc=0,
city,Overpasses And Traffic,https://burst.shopifycdn.com/photos/overpasses-and-traffic.jpg?width=70&format=pjpg&exif=0&iptc=0,
city,Hands On Blueprints,https://burst.shopifycdn.com/photos/hands-on-blueprints.jpg?width=70&format=pjpg&exif=0&iptc=0,
city,Exterior Building Pattern,https://burst.shopifycdn.com/photos/exterior-building-pattern.jpg?width=70&format=pjpg&exif=0&iptc=0,
city,Downtown Toronto,https://burst.shopifycdn.com/photos/downtown-toronto.jpg?width=70&format=pjpg&exif=0&iptc=0,
city,Man Riding In City Bike Lane,https://burst.shopifycdn.com/photos/man-riding-in-city-bike-lane.jpg?width=70&format=pjpg&exif=0&iptc=0,
city,Horned Hood Watches Over City,https://burst.shopifycdn.com/photos/horned-hood-watches-over-city.jpg?width=70&format=pjpg&exif=0&iptc=0,
city,White Linear Angled Architecture,https://burst.shopifycdn.com/photos/white-linear-angled-architecture.jpg?width=70&format=pjpg&exif=0&iptc=0,
city,Looking Up In Circular Architecture,https://burst.shopifycdn.com/photos/looking-up-in-circlular-architecture.jpg?width=70&format=pjpg&exif=0&iptc=0,
city,Towering New York Building From Above,https://burst.shopifycdn.com/photos/towering-new-york-building-from-above.jpg?width=70&format=pjpg&exif=0&iptc=0,
city,Woman Walking On Fall City Streets,https://burst.shopifycdn.com/photos/woman-walking-on-fall-city-streets.jpg?width=70&format=pjpg&exif=0&iptc=0,
city,Geometric Purple Urban Art On Brick Wall,https://burst.shopifycdn.com/photos/geometric-purple-urban-art-on-brick-wall.jpg?width=70&format=pjpg&exif=0&iptc=0,
city,New York City Buildings And Water Towers,https://burst.shopifycdn.com/photos/new-york-city-buildings-and-water-towers.jpg?width=70&format=pjpg&exif=0&iptc=0,
city,Sports Car Parked In Barcelona,https://burst.shopifycdn.com/photos/sports-car-parked-in-barcelona.jpg?width=70&format=pjpg&exif=0&iptc=0,
city,Urban Buildings With Traffic,https://burst.shopifycdn.com/photos/urban-buildings-with-traffic.jpg?width=70&format=pjpg&exif=0&iptc=0,
city,Triangle Shaped Architecture,https://burst.shopifycdn.com/photos/triangle-shaped-architecture.jpg?width=70&format=pjpg&exif=0&iptc=0,
